sku_id,week_start,forecast
SKU00001,2026-01-05,25.45991281343384
SKU00001,2026-01-12,32.55622391415657
SKU00001,2026-01-19,32.533196167855145
SKU00001,2026-01-26,32.19578438768629
SKU00001,2026-02-02,37.09855327593499
SKU00001,2026-02-09,34.5227914756876
SKU00002,2026-01-05,29.59928511116427
SKU00002,2026-01-12,23.396652162122344
SKU00002,2026-01-19,27.663678066999054
SKU00002,2026-01-26,31.511149714242524
SKU00002,2026-02-02,36.35724678149205
SKU00002,2026-02-09,38.53044325031006
SKU00003,2026-01-05,30.875443922198
SKU00003,2026-01-12,32.32806007482213
SKU00003,2026-01-19,29.440640742628894
SKU00003,2026-01-26,29.11143996782367
SKU00003,2026-02-02,33.5332719978902
SKU00003,2026-02-09,29.99177778399102
SKU00004,2026-01-05,31.249681104489447
SKU00004,2026-01-12,28.954894237752214
SKU00004,2026-01-19,29.49948262281855
SKU00004,2026-01-26,28.00745346866051
SKU00004,2026-02-02,31.327726204827414
SKU00004,2026-02-09,35.40289232217543
SKU00005,2026-01-05,25.43327971831869
SKU00005,2026-01-12,30.221596598688418
SKU00005,2026-01-19,40.103634217095816
SKU00005,2026-01-26,35.83941883778082
SKU00005,2026-02-02,37.19232862069177
SKU00005,2026-02-09,31.905658082740427
SKU00006,2026-01-05,26.27457170569613
SKU00006,2026-01-12,30.001501501776605
SKU00006,2026-01-19,34.0203834191545
SKU00006,2026-01-26,30.8611517716297
SKU00006,2026-02-02,30.20064345265556
SKU00006,2026-02-09,35.649657408726696
SKU00007,2026-01-05,30.46254240099083
SKU00007,2026-01-12,28.538573200420963
SKU00007,2026-01-19,33.10889487391254
SKU00007,2026-01-26,35.508770775168706
SKU00007,2026-02-02,37.36710886331326
SKU00007,2026-02-09,31.638454245062814
SKU00008,2026-01-05,28.296350165829224
SKU00008,2026-01-12,28.183999872074374
SKU00008,2026-01-19,28.10013479369525
SKU00008,2026-01-26,28.483972861758698
SKU00008,2026-02-02,31.903319522964456
SKU00008,2026-02-09,34.83829387481751
SKU00009,2026-01-05,28.705312809967314
SKU00009,2026-01-12,29.105304170370637
SKU00009,2026-01-19,30.998606433880333
SKU00009,2026-01-26,33.20311111300596
SKU00009,2026-02-02,34.47214506946911
SKU00009,2026-02-09,33.614358109869485
SKU00010,2026-01-05,30.48710297255201
SKU00010,2026-01-12,30.10189186387542
SKU00010,2026-01-19,35.653810634562575
SKU00010,2026-01-26,28.55671456586572
SKU00010,2026-02-02,33.213378590313184
SKU00010,2026-02-09,33.26881336331337
SKU00011,2026-01-05,36.18093259989845
SKU00011,2026-01-12,31.094629957452987
SKU00011,2026-01-19,31.1831317248426
SKU00011,2026-01-26,30.424444380302287
SKU00011,2026-02-02,32.238384916491356
SKU00011,2026-02-09,30.66672450495037
SKU00012,2026-01-05,23.63193041507815
SKU00012,2026-01-12,33.02074739000042
SKU00012,2026-01-19,32.14388095175751
SKU00012,2026-01-26,30.491054556099147
SKU00012,2026-02-02,35.033657084631734
SKU00012,2026-02-09,32.61458873163108
SKU00013,2026-01-05,32.45607890958809
SKU00013,2026-01-12,27.19998625739239
SKU00013,2026-01-19,29.64292705246556
SKU00013,2026-01-26,30.136243765291944
SKU00013,2026-02-02,33.51255627969606
SKU00013,2026-02-09,34.85773590746617
SKU00014,2026-01-05,28.1876270942614
SKU00014,2026-01-12,31.253667824897533
SKU00014,2026-01-19,31.40438444938108
SKU00014,2026-01-26,31.71172816932979
SKU00014,2026-02-02,33.43112611079093
SKU00014,2026-02-09,33.259489335182295
SKU00015,2026-01-05,27.186920303485376
SKU00015,2026-01-12,26.18290819341891
SKU00015,2026-01-19,33.66627958229335
SKU00015,2026-01-26,34.226809328957735
SKU00015,2026-02-02,39.56317391044326
SKU00015,2026-02-09,30.277482426145788
SKU00016,2026-01-05,31.528383274963506
SKU00016,2026-01-12,27.43029260680525
SKU00016,2026-01-19,34.70401978191652
SKU00016,2026-01-26,28.850135458226674
SKU00016,2026-02-02,32.446348209532054
SKU00016,2026-02-09,33.51344822692747
SKU00017,2026-01-05,29.07985076946091
SKU00017,2026-01-12,30.263333135147978
SKU00017,2026-01-19,31.60740234469208
SKU00017,2026-01-26,33.44663223482985
SKU00017,2026-02-02,32.27320550721381
SKU00017,2026-02-09,32.43648322409742
SKU00018,2026-01-05,31.660040264911878
SKU00018,2026-01-12,31.752904052812482
SKU00018,2026-01-19,35.03148745674002
SKU00018,2026-01-26,29.991803524612195
SKU00018,2026-02-02,31.085805365748165
SKU00018,2026-02-09,30.167319713152246
SKU00019,2026-01-05,28.179071470172428
SKU00019,2026-01-12,28.299245117838336
SKU00019,2026-01-19,27.57341555281699
SKU00019,2026-01-26,35.45429437617626
SKU00019,2026-02-02,35.0704043810098
SKU00019,2026-02-09,35.79293840791757
SKU00020,2026-01-05,26.284199360533975
SKU00020,2026-01-12,25.245490946708152
SKU00020,2026-01-19,27.163972266019883
SKU00020,2026-01-26,33.671525521505714
SKU00020,2026-02-02,37.1488131340621
SKU00020,2026-02-09,35.06012696113554
SKU00021,2026-01-05,29.75735628150059
SKU00021,2026-01-12,28.903710754470346
SKU00021,2026-01-19,31.552663054567322
SKU00021,2026-01-26,34.11013866873838
SKU00021,2026-02-02,31.699093231144744
SKU00021,2026-02-09,35.29656545138969
SKU00022,2026-01-05,25.592880372862766
SKU00022,2026-01-12,32.41777160143541
SKU00022,2026-01-19,29.17725857408553
SKU00022,2026-01-26,32.131088318410775
SKU00022,2026-02-02,37.583526153296845
SKU00022,2026-02-09,29.641907246247694
SKU00023,2026-01-05,30.104118653450442
SKU00023,2026-01-12,28.23167670790881
SKU00023,2026-01-19,31.621617202933116
SKU00023,2026-01-26,30.302650011143303
SKU00023,2026-02-02,36.22146139158115
SKU00023,2026-02-09,30.95105797582047
SKU00024,2026-01-05,29.033924724318826
SKU00024,2026-01-12,28.078936775594403
SKU00024,2026-01-19,31.735120664545466
SKU00024,2026-01-26,29.549160971851443
SKU00024,2026-02-02,36.46294004360407
SKU00024,2026-02-09,32.807655345794686
SKU00025,2026-01-05,30.544652954378716
SKU00025,2026-01-12,30.68779376056292
SKU00025,2026-01-19,37.58956873024139
SKU00025,2026-01-26,29.45295421756548
SKU00025,2026-02-02,32.58807461521118
SKU00025,2026-02-09,33.94018568581898
SKU00026,2026-01-05,26.258726058917514
SKU00026,2026-01-12,29.137972783609154
SKU00026,2026-01-19,31.36602287713244
SKU00026,2026-01-26,36.08201563965731
SKU00026,2026-02-02,34.74361317137492
SKU00026,2026-02-09,36.4002188180212
SKU00027,2026-01-05,31.849612570004147
SKU00027,2026-01-12,31.05876264731411
SKU00027,2026-01-19,30.04037608839321
SKU00027,2026-01-26,31.61354304645386
SKU00027,2026-02-02,29.596299459085625
SKU00027,2026-02-09,37.7290132188361
SKU00028,2026-01-05,25.969191418772763
SKU00028,2026-01-12,32.72915771555993
SKU00028,2026-01-19,31.653783663178825
SKU00028,2026-01-26,41.93622922374408
SKU00028,2026-02-02,34.390793442276305
SKU00028,2026-02-09,33.436436748228196
SKU00029,2026-01-05,29.07549699853269
SKU00029,2026-01-12,29.234497921685836
SKU00029,2026-01-19,29.509794062838008
SKU00029,2026-01-26,33.70795357113102
SKU00029,2026-02-02,33.54378088855101
SKU00029,2026-02-09,35.99132999917879
SKU00030,2026-01-05,25.35716138974456
SKU00030,2026-01-12,31.704933620545365
SKU00030,2026-01-19,27.675681208096453
SKU00030,2026-01-26,34.71205139754221
SKU00030,2026-02-02,37.957621765254146
SKU00030,2026-02-09,31.95593705920818
SKU00031,2026-01-05,37.87484399150487
SKU00031,2026-01-12,29.69005825714807
SKU00031,2026-01-19,31.476019675413976
SKU00031,2026-01-26,27.278200623753065
SKU00031,2026-02-02,28.157932952164543
SKU00031,2026-02-09,33.891842150526045
SKU00032,2026-01-05,32.89504511428869
SKU00032,2026-01-12,32.16504928687146
SKU00032,2026-01-19,32.36321867533098
SKU00032,2026-01-26,36.58140875639448
SKU00032,2026-02-02,30.126482470232904
SKU00032,2026-02-09,28.390055721744783
SKU00033,2026-01-05,26.611745609603098
SKU00033,2026-01-12,33.156962224207106
SKU00033,2026-01-19,29.80459414535727
SKU00033,2026-01-26,34.92216802517987
SKU00033,2026-02-02,36.25489026381746
SKU00033,2026-02-09,34.189038507943245
SKU00034,2026-01-05,28.154165636468246
SKU00034,2026-01-12,29.26096061472531
SKU00034,2026-01-19,31.91171287817715
SKU00034,2026-01-26,28.288804048562785
SKU00034,2026-02-02,33.973620305455604
SKU00034,2026-02-09,33.72515511827824
SKU00035,2026-01-05,30.714283038583623
SKU00035,2026-01-12,26.668045789553183
SKU00035,2026-01-19,26.094978720540496
SKU00035,2026-01-26,32.06592607165876
SKU00035,2026-02-02,35.941643555327154
SKU00035,2026-02-09,35.69213850129396
SKU00036,2026-01-05,33.20432809111685
SKU00036,2026-01-12,29.159168485200166
SKU00036,2026-01-19,30.70437237400582
SKU00036,2026-01-26,30.42732086117903
SKU00036,2026-02-02,31.81635245197335
SKU00036,2026-02-09,33.63744546574282
SKU00037,2026-01-05,31.056032368304123
SKU00037,2026-01-12,27.469120406771218
SKU00037,2026-01-19,31.706987125703215
SKU00037,2026-01-26,36.03741184730729
SKU00037,2026-02-02,30.77275290461873
SKU00037,2026-02-09,34.57087140575862
SKU00038,2026-01-05,26.636400440094086
SKU00038,2026-01-12,31.68533425734168
SKU00038,2026-01-19,27.457354938519142
SKU00038,2026-01-26,33.61384521015956
SKU00038,2026-02-02,31.233757395933846
SKU00038,2026-02-09,29.264295465998263
SKU00039,2026-01-05,27.633513522162275
SKU00039,2026-01-12,33.52762065853774
SKU00039,2026-01-19,34.5244825225365
SKU00039,2026-01-26,33.95265338329831
SKU00039,2026-02-02,31.79844879560321
SKU00039,2026-02-09,34.35879363493899
SKU00040,2026-01-05,28.507863496828428
SKU00040,2026-01-12,28.203223753454054
SKU00040,2026-01-19,37.64968003033353
SKU00040,2026-01-26,27.278708906981482
SKU00040,2026-02-02,33.020210836624294
SKU00040,2026-02-09,37.00056857693613
SKU00041,2026-01-05,27.725460594969785
SKU00041,2026-01-12,30.371714386615587
SKU00041,2026-01-19,33.291521126615834
SKU00041,2026-01-26,29.216557357306353
SKU00041,2026-02-02,31.734328523936114
SKU00041,2026-02-09,32.706384959636466
SKU00042,2026-01-05,29.382117038394497
SKU00042,2026-01-12,27.331497789697995
SKU00042,2026-01-19,32.13366062057151
SKU00042,2026-01-26,32.62980529857725
SKU00042,2026-02-02,32.374210123691626
SKU00042,2026-02-09,35.49982177317776
SKU00043,2026-01-05,27.520619442118033
SKU00043,2026-01-12,31.114199226233225
SKU00043,2026-01-19,32.807379782523185
SKU00043,2026-01-26,29.0627628865499
SKU00043,2026-02-02,36.11830108824576
SKU00043,2026-02-09,33.56415149514133
SKU00044,2026-01-05,27.608656801226235
SKU00044,2026-01-12,27.23715875567562
SKU00044,2026-01-19,31.686229028455838
SKU00044,2026-01-26,24.4998433105646
SKU00044,2026-02-02,31.946222310050175
SKU00044,2026-02-09,33.0536197396895
SKU00045,2026-01-05,33.99038591283062
SKU00045,2026-01-12,29.800804581025215
SKU00045,2026-01-19,31.85033097063281
SKU00045,2026-01-26,28.15864352294202
SKU00045,2026-02-02,31.70439553030159
SKU00045,2026-02-09,38.10467000424301
SKU00046,2026-01-05,29.548166402858538
SKU00046,2026-01-12,29.52381266269022
SKU00046,2026-01-19,33.282682432204
SKU00046,2026-01-26,44.336238249343026
SKU00046,2026-02-02,40.08231331043203
SKU00046,2026-02-09,33.52860605774993
SKU00047,2026-01-05,31.347016386677012
SKU00047,2026-01-12,29.483666325035415
SKU00047,2026-01-19,33.49286110675171
SKU00047,2026-01-26,31.655296114617347
SKU00047,2026-02-02,30.91774462017568
SKU00047,2026-02-09,32.58874720368227
SKU00048,2026-01-05,29.5162864856655
SKU00048,2026-01-12,33.167496205453226
SKU00048,2026-01-19,30.966715974489578
SKU00048,2026-01-26,35.97280089909712
SKU00048,2026-02-02,34.47673735609877
SKU00048,2026-02-09,29.875833812779923
SKU00049,2026-01-05,29.765973100848015
SKU00049,2026-01-12,30.899790168576416
SKU00049,2026-01-19,29.813330213114888
SKU00049,2026-01-26,27.386683523211882
SKU00049,2026-02-02,33.60290101003982
SKU00049,2026-02-09,33.038838101675616
SKU00050,2026-01-05,30.662319267639464
SKU00050,2026-01-12,26.633947991051286
SKU00050,2026-01-19,26.450922948461603
SKU00050,2026-01-26,31.467997433973117
SKU00050,2026-02-02,39.562342362233515
SKU00050,2026-02-09,31.193206268428863
SKU00051,2026-01-05,29.745016772739696
SKU00051,2026-01-12,31.105188329095917
SKU00051,2026-01-19,29.638444169408324
SKU00051,2026-01-26,32.54887320450829
SKU00051,2026-02-02,33.500146358654504
SKU00051,2026-02-09,31.256350516107098
SKU00052,2026-01-05,31.11544319996123
SKU00052,2026-01-12,30.650186541747654
SKU00052,2026-01-19,33.90294464387731
SKU00052,2026-01-26,33.29883570258733
SKU00052,2026-02-02,33.18075765111988
SKU00052,2026-02-09,33.562568057658034
SKU00053,2026-01-05,28.646919153259322
SKU00053,2026-01-12,28.343911767539776
SKU00053,2026-01-19,30.343981820056136
SKU00053,2026-01-26,31.80254037995948
SKU00053,2026-02-02,38.023558003108164
SKU00053,2026-02-09,33.52439427846652
SKU00054,2026-01-05,28.336412847400833
SKU00054,2026-01-12,27.71569584832959
SKU00054,2026-01-19,28.47949781906593
SKU00054,2026-01-26,31.42459630164869
SKU00054,2026-02-02,33.859652045608726
SKU00054,2026-02-09,30.95220392563824
SKU00055,2026-01-05,24.264219808312312
SKU00055,2026-01-12,33.07046212253038
SKU00055,2026-01-19,30.35606454092644
SKU00055,2026-01-26,31.776682803777906
SKU00055,2026-02-02,37.02353384481764
SKU00055,2026-02-09,30.073599188121978
SKU00056,2026-01-05,28.761794301267138
SKU00056,2026-01-12,29.00883417359846
SKU00056,2026-01-19,30.93455825641896
SKU00056,2026-01-26,26.54458528313889
SKU00056,2026-02-02,31.959413082063175
SKU00056,2026-02-09,36.98525677906098
SKU00057,2026-01-05,31.891736305125374
SKU00057,2026-01-12,25.96718555974168
SKU00057,2026-01-19,35.51154151263903
SKU00057,2026-01-26,29.05285664303464
SKU00057,2026-02-02,35.76502455485053
SKU00057,2026-02-09,33.50233359499063
SKU00058,2026-01-05,32.60321749080606
SKU00058,2026-01-12,29.114270975969465
SKU00058,2026-01-19,31.07530454454359
SKU00058,2026-01-26,33.097609058325894
SKU00058,2026-02-02,28.8513339138061
SKU00058,2026-02-09,32.53520630037479
SKU00059,2026-01-05,29.944950269927627
SKU00059,2026-01-12,29.190604138802534
SKU00059,2026-01-19,24.092744736929085
SKU00059,2026-01-26,29.345336806967783
SKU00059,2026-02-02,37.00044533808738
SKU00059,2026-02-09,31.80376145685986
SKU00060,2026-01-05,29.951924770605853
SKU00060,2026-01-12,31.532956472879814
SKU00060,2026-01-19,37.15954645175054
SKU00060,2026-01-26,32.106190549397816
SKU00060,2026-02-02,35.4383206498275
SKU00060,2026-02-09,32.35157955743566
SKU00061,2026-01-05,27.515857600146038
SKU00061,2026-01-12,28.298801648962638
SKU00061,2026-01-19,29.993126323474126
SKU00061,2026-01-26,29.456059187807853
SKU00061,2026-02-02,36.54917346961003
SKU00061,2026-02-09,35.43023395683247
SKU00062,2026-01-05,26.852797891102647
SKU00062,2026-01-12,31.029502633398458
SKU00062,2026-01-19,32.16989712472776
SKU00062,2026-01-26,35.36399161819441
SKU00062,2026-02-02,36.6597511546587
SKU00062,2026-02-09,29.22742477819265
SKU00063,2026-01-05,29.75661603846463
SKU00063,2026-01-12,29.293741099820725
SKU00063,2026-01-19,33.65075351922043
SKU00063,2026-01-26,31.52895181639887
SKU00063,2026-02-02,30.902841275949257
SKU00063,2026-02-09,35.23008047717887
SKU00064,2026-01-05,32.524936595449695
SKU00064,2026-01-12,33.84715934394366
SKU00064,2026-01-19,38.737317228411065
SKU00064,2026-01-26,33.845343920844314
SKU00064,2026-02-02,32.09832002242825
SKU00064,2026-02-09,32.41208582356693
SKU00065,2026-01-05,26.787602845744647
SKU00065,2026-01-12,31.20954233882155
SKU00065,2026-01-19,31.801499997936126
SKU00065,2026-01-26,27.66344782517037
SKU00065,2026-02-02,36.0272181986895
SKU00065,2026-02-09,30.89572892672199
SKU00066,2026-01-05,24.96734321705802
SKU00066,2026-01-12,28.7025043077304
SKU00066,2026-01-19,29.996484365489597
SKU00066,2026-01-26,31.34642840914229
SKU00066,2026-02-02,36.27953332809777
SKU00066,2026-02-09,32.80229891616681
SKU00067,2026-01-05,32.22352928826221
SKU00067,2026-01-12,25.853876302109924
SKU00067,2026-01-19,29.629329891758104
SKU00067,2026-01-26,35.58515329983863
SKU00067,2026-02-02,27.81327314960443
SKU00067,2026-02-09,37.645481968164745
SKU00068,2026-01-05,30.142777939944228
SKU00068,2026-01-12,31.050077780568348
SKU00068,2026-01-19,37.488345059066496
SKU00068,2026-01-26,35.42754908873202
SKU00068,2026-02-02,36.36915109518862
SKU00068,2026-02-09,40.012220836197415
SKU00069,2026-01-05,31.21489760697879
SKU00069,2026-01-12,29.21187583677206
SKU00069,2026-01-19,28.30266668884722
SKU00069,2026-01-26,36.86175561721572
SKU00069,2026-02-02,37.53579104580087
SKU00069,2026-02-09,28.318118906614163
SKU00070,2026-01-05,32.50129027990228
SKU00070,2026-01-12,29.030954114585757
SKU00070,2026-01-19,33.06093095032146
SKU00070,2026-01-26,28.452735126676917
SKU00070,2026-02-02,29.563851379210632
SKU00070,2026-02-09,33.47002497056103
SKU00071,2026-01-05,27.429581201058756
SKU00071,2026-01-12,31.696906961243336
SKU00071,2026-01-19,32.96086939535791
SKU00071,2026-01-26,35.9398350460098
SKU00071,2026-02-02,32.648182213223166
SKU00071,2026-02-09,33.05044530216616
SKU00072,2026-01-05,28.60172578824023
SKU00072,2026-01-12,32.09516930925833
SKU00072,2026-01-19,29.98943246010759
SKU00072,2026-01-26,34.005082461576265
SKU00072,2026-02-02,32.25062240316135
SKU00072,2026-02-09,31.740911057295868
SKU00073,2026-01-05,29.994183508650508
SKU00073,2026-01-12,31.616597795333007
SKU00073,2026-01-19,36.10257130508725
SKU00073,2026-01-26,30.623667218594196
SKU00073,2026-02-02,36.85127596802289
SKU00073,2026-02-09,37.09454728233212
SKU00074,2026-01-05,29.93611366899917
SKU00074,2026-01-12,33.10054462335078
SKU00074,2026-01-19,29.916887332755447
SKU00074,2026-01-26,33.25023348651695
SKU00074,2026-02-02,38.17085334029056
SKU00074,2026-02-09,30.37674174113709
SKU00075,2026-01-05,28.65585948660755
SKU00075,2026-01-12,33.12896005309992
SKU00075,2026-01-19,29.86687422175472
SKU00075,2026-01-26,38.82625542275835
SKU00075,2026-02-02,32.65078821989541
SKU00075,2026-02-09,32.1338555191238
SKU00076,2026-01-05,30.569400448699433
SKU00076,2026-01-12,31.834357759471303
SKU00076,2026-01-19,33.54388004296236
SKU00076,2026-01-26,27.29123774528831
SKU00076,2026-02-02,34.73681432716556
SKU00076,2026-02-09,33.27923915879856
SKU00077,2026-01-05,28.372199511177584
SKU00077,2026-01-12,30.43444315965949
SKU00077,2026-01-19,32.302215506467455
SKU00077,2026-01-26,28.93949780841814
SKU00077,2026-02-02,36.4796688139045
SKU00077,2026-02-09,31.522790796900964
SKU00078,2026-01-05,31.4484848046538
SKU00078,2026-01-12,29.21675702657113
SKU00078,2026-01-19,31.828125525829975
SKU00078,2026-01-26,37.0975507423715
SKU00078,2026-02-02,32.51670093935264
SKU00078,2026-02-09,31.451413899949273
SKU00079,2026-01-05,28.915948898612438
SKU00079,2026-01-12,28.865231202843905
SKU00079,2026-01-19,29.374430667522166
SKU00079,2026-01-26,31.874933038171275
SKU00079,2026-02-02,34.41102730418249
SKU00079,2026-02-09,34.580954170386555
SKU00080,2026-01-05,29.201204548057337
SKU00080,2026-01-12,32.765826295049465
SKU00080,2026-01-19,33.05835471765826
SKU00080,2026-01-26,33.08295771275983
SKU00080,2026-02-02,31.77130330802216
SKU00080,2026-02-09,28.78945752484409
SKU00081,2026-01-05,29.050918638338437
SKU00081,2026-01-12,31.528099761057742
SKU00081,2026-01-19,31.487665484095082
SKU00081,2026-01-26,36.6389187780267
SKU00081,2026-02-02,33.007224881202205
SKU00081,2026-02-09,31.728121553684648
SKU00082,2026-01-05,27.30948590003701
SKU00082,2026-01-12,26.84386121508819
SKU00082,2026-01-19,35.5443412309601
SKU00082,2026-01-26,31.069073159838844
SKU00082,2026-02-02,33.65946406964535
SKU00082,2026-02-09,33.883936068804545
SKU00083,2026-01-05,27.92168744709098
SKU00083,2026-01-12,30.74040050296114
SKU00083,2026-01-19,29.806997977059257
SKU00083,2026-01-26,37.50336280319793
SKU00083,2026-02-02,34.576720104643066
SKU00083,2026-02-09,37.23771574118349
SKU00084,2026-01-05,27.897842257229954
SKU00084,2026-01-12,26.948220670566432
SKU00084,2026-01-19,29.734626081285672
SKU00084,2026-01-26,31.57560922004692
SKU00084,2026-02-02,36.582037374612895
SKU00084,2026-02-09,33.04407430693644
SKU00085,2026-01-05,30.25586815590278
SKU00085,2026-01-12,30.695438794935377
SKU00085,2026-01-19,33.2966954600699
SKU00085,2026-01-26,32.99983378163226
SKU00085,2026-02-02,39.752242132342666
SKU00085,2026-02-09,37.153882018300166
SKU00086,2026-01-05,29.925809432890688
SKU00086,2026-01-12,30.150840385229202
SKU00086,2026-01-19,28.593616617516634
SKU00086,2026-01-26,31.113808265488874
SKU00086,2026-02-02,39.01551354349784
SKU00086,2026-02-09,27.250560540787117
SKU00087,2026-01-05,32.83942490193553
SKU00087,2026-01-12,31.970932346871816
SKU00087,2026-01-19,30.220937514032904
SKU00087,2026-01-26,31.783934843210414
SKU00087,2026-02-02,30.086062274256186
SKU00087,2026-02-09,32.690728735533504
SKU00088,2026-01-05,26.665441542799886
SKU00088,2026-01-12,30.035990252412006
SKU00088,2026-01-19,29.758831142937524
SKU00088,2026-01-26,34.23887115951347
SKU00088,2026-02-02,33.542745704288144
SKU00088,2026-02-09,38.345766029128995
SKU00089,2026-01-05,32.8829208542263
SKU00089,2026-01-12,34.482576773368265
SKU00089,2026-01-19,29.248375624148554
SKU00089,2026-01-26,28.343789013483732
SKU00089,2026-02-02,33.26023006108293
SKU00089,2026-02-09,29.397492346384176
SKU00090,2026-01-05,31.22064822250578
SKU00090,2026-01-12,29.102106929057058
SKU00090,2026-01-19,22.219973340986993
SKU00090,2026-01-26,29.310185627823895
SKU00090,2026-02-02,36.56558607970866
SKU00090,2026-02-09,32.980096644715985
SKU00091,2026-01-05,28.71929140847506
SKU00091,2026-01-12,27.16919711967856
SKU00091,2026-01-19,33.45651840993525
SKU00091,2026-01-26,32.636932364908034
SKU00091,2026-02-02,41.56422899570541
SKU00091,2026-02-09,31.720580272272567
SKU00092,2026-01-05,28.602648175889023
SKU00092,2026-01-12,28.463665443103384
SKU00092,2026-01-19,31.285173137728748
SKU00092,2026-01-26,32.35999262271478
SKU00092,2026-02-02,35.53219569983936
SKU00092,2026-02-09,34.8317868101163
SKU00093,2026-01-05,28.045048247897974
SKU00093,2026-01-12,28.409977161095
SKU00093,2026-01-19,28.207474088271212
SKU00093,2026-01-26,31.604273173114827
SKU00093,2026-02-02,40.646168904396006
SKU00093,2026-02-09,35.86775181342138
SKU00094,2026-01-05,28.104196923278845
SKU00094,2026-01-12,28.89651775096234
SKU00094,2026-01-19,30.711054782575026
SKU00094,2026-01-26,30.765755324362466
SKU00094,2026-02-02,33.620048538732405
SKU00094,2026-02-09,39.43760229730292
SKU00095,2026-01-05,23.92592770270289
SKU00095,2026-01-12,31.227631344158382
SKU00095,2026-01-19,30.434892892345367
SKU00095,2026-01-26,33.53119270485512
SKU00095,2026-02-02,35.69207051391044
SKU00095,2026-02-09,34.79987045295325
SKU00096,2026-01-05,33.82297415806799
SKU00096,2026-01-12,28.913014915956794
SKU00096,2026-01-19,33.65810433810813
SKU00096,2026-01-26,35.44389179092221
SKU00096,2026-02-02,30.034778116490898
SKU00096,2026-02-09,34.224970436203236
SKU00097,2026-01-05,27.115544794436232
SKU00097,2026-01-12,26.860864303027583
SKU00097,2026-01-19,36.185439182138204
SKU00097,2026-01-26,29.82172503026305
SKU00097,2026-02-02,34.27880929649403
SKU00097,2026-02-09,33.62629410310608
SKU00098,2026-01-05,33.718353661415456
SKU00098,2026-01-12,29.069683698429625
SKU00098,2026-01-19,29.299329306535153
SKU00098,2026-01-26,29.85455593449477
SKU00098,2026-02-02,29.997444714622954
SKU00098,2026-02-09,34.139843659011206
SKU00099,2026-01-05,28.00808950594917
SKU00099,2026-01-12,31.41328674684815
SKU00099,2026-01-19,37.3077915060541
SKU00099,2026-01-26,31.19278392024529
SKU00099,2026-02-02,36.047914567494665
SKU00099,2026-02-09,32.89286013652812
SKU00100,2026-01-05,27.862727260650416
SKU00100,2026-01-12,27.932554114067155
SKU00100,2026-01-19,28.792558383922273
SKU00100,2026-01-26,32.84424435684683
SKU00100,2026-02-02,33.9841538851534
SKU00100,2026-02-09,34.751224226843995
SKU00101,2026-01-05,34.18012065455169
SKU00101,2026-01-12,32.85442668808759
SKU00101,2026-01-19,26.671006613424797
SKU00101,2026-01-26,26.95166939852452
SKU00101,2026-02-02,31.648855947753535
SKU00101,2026-02-09,31.305742116358495
SKU00102,2026-01-05,28.155766326707425
SKU00102,2026-01-12,34.477958098986555
SKU00102,2026-01-19,31.7884481360423
SKU00102,2026-01-26,32.650751851586776
SKU00102,2026-02-02,37.235860845631926
SKU00102,2026-02-09,29.526137397421785
SKU00103,2026-01-05,26.0096027364341
SKU00103,2026-01-12,32.47307463032467
SKU00103,2026-01-19,32.207605942917176
SKU00103,2026-01-26,35.81586970405056
SKU00103,2026-02-02,36.27599710878881
SKU00103,2026-02-09,32.88911023353149
SKU00104,2026-01-05,30.218014113848117
SKU00104,2026-01-12,31.70686067387498
SKU00104,2026-01-19,30.331613287893894
SKU00104,2026-01-26,28.231940152096044
SKU00104,2026-02-02,30.66537678249469
SKU00104,2026-02-09,30.87993528158951
SKU00105,2026-01-05,27.558778984073513
SKU00105,2026-01-12,28.707213821979163
SKU00105,2026-01-19,29.753293804294877
SKU00105,2026-01-26,37.007620514315214
SKU00105,2026-02-02,30.397501976125334
SKU00105,2026-02-09,34.4894826837296
SKU00106,2026-01-05,31.21648103002455
SKU00106,2026-01-12,31.22020705083563
SKU00106,2026-01-19,32.160919410384736
SKU00106,2026-01-26,29.84620171545653
SKU00106,2026-02-02,33.77950180747171
SKU00106,2026-02-09,39.81860931474671
SKU00107,2026-01-05,27.200204674735886
SKU00107,2026-01-12,27.351476164323973
SKU00107,2026-01-19,36.14378585657301
SKU00107,2026-01-26,32.52208508970429
SKU00107,2026-02-02,34.79666745859265
SKU00107,2026-02-09,36.40696221513163
SKU00108,2026-01-05,27.16287276082602
SKU00108,2026-01-12,30.525308602142868
SKU00108,2026-01-19,32.09369330302522
SKU00108,2026-01-26,35.498573347687206
SKU00108,2026-02-02,37.58793947070899
SKU00108,2026-02-09,36.91692615788133
SKU00109,2026-01-05,28.33627959055306
SKU00109,2026-01-12,29.347051987966942
SKU00109,2026-01-19,34.40968416371869
SKU00109,2026-01-26,28.915016730690347
SKU00109,2026-02-02,32.84276368375587
SKU00109,2026-02-09,34.55944972579019
SKU00110,2026-01-05,28.223995890453942
SKU00110,2026-01-12,31.08926574655677
SKU00110,2026-01-19,31.168763490800835
SKU00110,2026-01-26,32.67376070240813
SKU00110,2026-02-02,34.55745684458448
SKU00110,2026-02-09,34.51140216869195
SKU00111,2026-01-05,27.935510411173244
SKU00111,2026-01-12,25.59344753861233
SKU00111,2026-01-19,30.4564638016153
SKU00111,2026-01-26,30.584802900038433
SKU00111,2026-02-02,37.47049274586123
SKU00111,2026-02-09,29.76676162479041
SKU00112,2026-01-05,30.814946072431646
SKU00112,2026-01-12,30.203996596503075
SKU00112,2026-01-19,34.49054979871006
SKU00112,2026-01-26,29.964978054169773
SKU00112,2026-02-02,34.688377176603225
SKU00112,2026-02-09,33.123312784147586
SKU00113,2026-01-05,25.363532116937073
SKU00113,2026-01-12,31.846917825247722
SKU00113,2026-01-19,27.217277239091977
SKU00113,2026-01-26,35.44538313594703
SKU00113,2026-02-02,29.43886971810062
SKU00113,2026-02-09,30.743478436757762
SKU00114,2026-01-05,31.525263787365073
SKU00114,2026-01-12,31.243639737601452
SKU00114,2026-01-19,31.37964174867456
SKU00114,2026-01-26,34.01993704328158
SKU00114,2026-02-02,27.40336761339524
SKU00114,2026-02-09,34.68697555693675
SKU00115,2026-01-05,30.866270282572575
SKU00115,2026-01-12,32.5242520486976
SKU00115,2026-01-19,33.04593730349349
SKU00115,2026-01-26,36.111559459871515
SKU00115,2026-02-02,29.314028394284872
SKU00115,2026-02-09,32.54894076314611
SKU00116,2026-01-05,28.162964272695326
SKU00116,2026-01-12,28.719432065407105
SKU00116,2026-01-19,36.025279956749934
SKU00116,2026-01-26,30.553113536014067
SKU00116,2026-02-02,34.234906231926
SKU00116,2026-02-09,35.56293620561506
SKU00117,2026-01-05,30.173783432408236
SKU00117,2026-01-12,30.547917695264612
SKU00117,2026-01-19,32.00195645534478
SKU00117,2026-01-26,30.409452593999017
SKU00117,2026-02-02,35.4762953394193
SKU00117,2026-02-09,34.61049869759881
SKU00118,2026-01-05,33.04531317830757
SKU00118,2026-01-12,29.10569316433654
SKU00118,2026-01-19,31.498196440564403
SKU00118,2026-01-26,34.476357419224065
SKU00118,2026-02-02,28.836605043987102
SKU00118,2026-02-09,32.753007417908826
SKU00119,2026-01-05,31.068182557996685
SKU00119,2026-01-12,26.771859788348763
SKU00119,2026-01-19,28.966479272597585
SKU00119,2026-01-26,29.733945003902665
SKU00119,2026-02-02,32.82636351928639
SKU00119,2026-02-09,35.42544533299554
SKU00120,2026-01-05,28.58446567509571
SKU00120,2026-01-12,30.900880571535914
SKU00120,2026-01-19,31.231497046727707
SKU00120,2026-01-26,30.670269071109875
SKU00120,2026-02-02,38.798405123078794
SKU00120,2026-02-09,34.23808470463529
SKU00121,2026-01-05,29.86480805334549
SKU00121,2026-01-12,29.163906235284355
SKU00121,2026-01-19,33.47611349638694
SKU00121,2026-01-26,39.24876884467312
SKU00121,2026-02-02,25.626619547711254
SKU00121,2026-02-09,33.8835196950475
SKU00122,2026-01-05,25.64114639503636
SKU00122,2026-01-12,28.47843965624306
SKU00122,2026-01-19,26.19515651518756
SKU00122,2026-01-26,32.91101418442626
SKU00122,2026-02-02,37.378629251667974
SKU00122,2026-02-09,35.08539427608474
SKU00123,2026-01-05,30.214552434908
SKU00123,2026-01-12,30.160412812271982
SKU00123,2026-01-19,30.94403481903387
SKU00123,2026-01-26,30.706983979059704
SKU00123,2026-02-02,34.68675719623779
SKU00123,2026-02-09,35.03111410587016
SKU00124,2026-01-05,29.30230538663652
SKU00124,2026-01-12,29.221913933121417
SKU00124,2026-01-19,29.85377366936595
SKU00124,2026-01-26,27.11378854912477
SKU00124,2026-02-02,37.53195302033955
SKU00124,2026-02-09,29.124292490902405
SKU00125,2026-01-05,29.453070921699993
SKU00125,2026-01-12,27.33020147046514
SKU00125,2026-01-19,32.527035049703926
SKU00125,2026-01-26,30.319793042368044
SKU00125,2026-02-02,32.352264486562404
SKU00125,2026-02-09,36.140899641985236
SKU00126,2026-01-05,32.275775109601476
SKU00126,2026-01-12,30.109490299979395
SKU00126,2026-01-19,30.453906205817386
SKU00126,2026-01-26,39.499762054787816
SKU00126,2026-02-02,33.11540896989266
SKU00126,2026-02-09,30.783546297479415
SKU00127,2026-01-05,27.621980676800106
SKU00127,2026-01-12,25.305054052141077
SKU00127,2026-01-19,29.151124312817394
SKU00127,2026-01-26,34.85165776412571
SKU00127,2026-02-02,37.02175862240791
SKU00127,2026-02-09,34.4325417766568
SKU00128,2026-01-05,30.215260675325954
SKU00128,2026-01-12,32.248813867292284
SKU00128,2026-01-19,32.56185839178917
SKU00128,2026-01-26,30.22422872925191
SKU00128,2026-02-02,33.245789330505445
SKU00128,2026-02-09,30.667061369742832
SKU00129,2026-01-05,28.27044881363435
SKU00129,2026-01-12,29.94401652518134
SKU00129,2026-01-19,28.61954759669564
SKU00129,2026-01-26,30.287209365779265
SKU00129,2026-02-02,34.84242628067328
SKU00129,2026-02-09,35.92179096095559
SKU00130,2026-01-05,33.18001488810514
SKU00130,2026-01-12,28.818138015275235
SKU00130,2026-01-19,36.367785650152086
SKU00130,2026-01-26,32.66034356648328
SKU00130,2026-02-02,30.314738632378695
SKU00130,2026-02-09,35.53407907984194
SKU00131,2026-01-05,33.7003710833569
SKU00131,2026-01-12,30.69524477024908
SKU00131,2026-01-19,28.646151638104293
SKU00131,2026-01-26,30.67230410808875
SKU00131,2026-02-02,29.21810444203774
SKU00131,2026-02-09,34.84959062101101
SKU00132,2026-01-05,27.06836651750163
SKU00132,2026-01-12,32.33601579480684
SKU00132,2026-01-19,30.991469547385837
SKU00132,2026-01-26,33.045503887608334
SKU00132,2026-02-02,36.51143189381952
SKU00132,2026-02-09,35.28968170035179
SKU00133,2026-01-05,25.400874641304153
SKU00133,2026-01-12,29.264830488170265
SKU00133,2026-01-19,32.16416406248844
SKU00133,2026-01-26,35.54476757813277
SKU00133,2026-02-02,36.80448636282469
SKU00133,2026-02-09,31.242182820142787
SKU00134,2026-01-05,32.49069073490464
SKU00134,2026-01-12,31.057145277293138
SKU00134,2026-01-19,33.62423568978969
SKU00134,2026-01-26,34.656892127041836
SKU00134,2026-02-02,33.009970913593264
SKU00134,2026-02-09,32.25333173149506
SKU00135,2026-01-05,28.900079823806955
SKU00135,2026-01-12,30.02935918280372
SKU00135,2026-01-19,32.415034999212295
SKU00135,2026-01-26,32.34377979759412
SKU00135,2026-02-02,33.05343371743029
SKU00135,2026-02-09,35.51654307296448
SKU00136,2026-01-05,28.45757476569993
SKU00136,2026-01-12,32.37076336474092
SKU00136,2026-01-19,33.24208108808836
SKU00136,2026-01-26,30.707310444499726
SKU00136,2026-02-02,35.04990627903138
SKU00136,2026-02-09,34.97047992457662
SKU00137,2026-01-05,27.608027164007037
SKU00137,2026-01-12,29.992907186126097
SKU00137,2026-01-19,26.600123949244242
SKU00137,2026-01-26,38.39559786218244
SKU00137,2026-02-02,32.14761447655758
SKU00137,2026-02-09,33.364148097447504
SKU00138,2026-01-05,27.90553373317793
SKU00138,2026-01-12,29.52684157389025
SKU00138,2026-01-19,30.364007633375525
SKU00138,2026-01-26,34.3211519274608
SKU00138,2026-02-02,34.00459717873343
SKU00138,2026-02-09,35.963669717768866
SKU00139,2026-01-05,31.601177544271167
SKU00139,2026-01-12,25.829721694049166
SKU00139,2026-01-19,31.62137863064578
SKU00139,2026-01-26,35.98858635185843
SKU00139,2026-02-02,30.896930591338382
SKU00139,2026-02-09,37.746795761820955
SKU00140,2026-01-05,28.626371179009315
SKU00140,2026-01-12,27.95759581714106
SKU00140,2026-01-19,32.731247010348866
SKU00140,2026-01-26,33.96328808629002
SKU00140,2026-02-02,32.44514678527676
SKU00140,2026-02-09,34.92397177894856
SKU00141,2026-01-05,31.930746917375696
SKU00141,2026-01-12,29.364003741472224
SKU00141,2026-01-19,32.69110180969351
SKU00141,2026-01-26,31.90518853431153
SKU00141,2026-02-02,34.12676810189178
SKU00141,2026-02-09,31.849653672322834
SKU00142,2026-01-05,28.577798857465538
SKU00142,2026-01-12,31.1884482382972
SKU00142,2026-01-19,29.51753232169585
SKU00142,2026-01-26,27.900491336088482
SKU00142,2026-02-02,33.965737423957854
SKU00142,2026-02-09,33.53420916393294
SKU00143,2026-01-05,30.907888262658922
SKU00143,2026-01-12,28.58783019222865
SKU00143,2026-01-19,28.90910839498779
SKU00143,2026-01-26,31.4328371349435
SKU00143,2026-02-02,29.64969398252903
SKU00143,2026-02-09,33.66481226262344
SKU00144,2026-01-05,27.859918159838845
SKU00144,2026-01-12,27.754300191846635
SKU00144,2026-01-19,28.044042385144248
SKU00144,2026-01-26,31.182036886186424
SKU00144,2026-02-02,35.82308450191634
SKU00144,2026-02-09,32.06422713154479
SKU00145,2026-01-05,27.973257691896187
SKU00145,2026-01-12,26.878288565055527
SKU00145,2026-01-19,26.634173486384938
SKU00145,2026-01-26,35.787558447433625
SKU00145,2026-02-02,36.978483183716065
SKU00145,2026-02-09,33.02463704094269
SKU00146,2026-01-05,24.23121622661475
SKU00146,2026-01-12,30.05157325939984
SKU00146,2026-01-19,27.401977042572096
SKU00146,2026-01-26,33.64056153270039
SKU00146,2026-02-02,41.39399018641245
SKU00146,2026-02-09,35.10439077156189
SKU00147,2026-01-05,26.127985240332745
SKU00147,2026-01-12,32.866194051786906
SKU00147,2026-01-19,32.32610260849844
SKU00147,2026-01-26,32.402033768291204
SKU00147,2026-02-02,35.24169127501047
SKU00147,2026-02-09,32.54414593412865
SKU00148,2026-01-05,30.039946744230345
SKU00148,2026-01-12,28.712808211561242
SKU00148,2026-01-19,31.242208430710217
SKU00148,2026-01-26,31.91173805701114
SKU00148,2026-02-02,32.714463036735516
SKU00148,2026-02-09,35.39712752292815
SKU00149,2026-01-05,28.185092786406127
SKU00149,2026-01-12,25.540475124490584
SKU00149,2026-01-19,28.371770446862236
SKU00149,2026-01-26,37.80368048730938
SKU00149,2026-02-02,32.54157277536935
SKU00149,2026-02-09,37.64778057725643
SKU00150,2026-01-05,27.756871215661345
SKU00150,2026-01-12,30.39425742755748
SKU00150,2026-01-19,28.00503338652193
SKU00150,2026-01-26,29.99438036769515
SKU00150,2026-02-02,34.55860490681446
SKU00150,2026-02-09,36.28974710719577
SKU00151,2026-01-05,28.18039190856411
SKU00151,2026-01-12,28.585231027179812
SKU00151,2026-01-19,28.834487597795942
SKU00151,2026-01-26,30.167369089144355
SKU00151,2026-02-02,34.32421638148279
SKU00151,2026-02-09,35.2897869742951
SKU00152,2026-01-05,27.592164240579415
SKU00152,2026-01-12,30.373088832330705
SKU00152,2026-01-19,31.460043431902783
SKU00152,2026-01-26,34.80831759990051
SKU00152,2026-02-02,36.63945774988417
SKU00152,2026-02-09,29.845862957629386
SKU00153,2026-01-05,29.55078593418582
SKU00153,2026-01-12,27.916462768336956
SKU00153,2026-01-19,30.84948677329377
SKU00153,2026-01-26,32.68203556325182
SKU00153,2026-02-02,34.20060870631598
SKU00153,2026-02-09,35.12484793773416
SKU00154,2026-01-05,24.7370078168255
SKU00154,2026-01-12,27.411092190999895
SKU00154,2026-01-19,37.05934358440256
SKU00154,2026-01-26,32.39658155794875
SKU00154,2026-02-02,35.689598811488125
SKU00154,2026-02-09,34.93882905874329
SKU00155,2026-01-05,26.956703315144956
SKU00155,2026-01-12,33.44494941594947
SKU00155,2026-01-19,26.785396819954446
SKU00155,2026-01-26,38.85885452338125
SKU00155,2026-02-02,30.643131754004056
SKU00155,2026-02-09,32.236356385305754
SKU00156,2026-01-05,27.98743263098198
SKU00156,2026-01-12,25.30256938104696
SKU00156,2026-01-19,32.40073098344787
SKU00156,2026-01-26,35.73605969286871
SKU00156,2026-02-02,35.5453530580791
SKU00156,2026-02-09,38.64685852401288
SKU00157,2026-01-05,29.72705096439627
SKU00157,2026-01-12,30.868371543060167
SKU00157,2026-01-19,32.793860039509454
SKU00157,2026-01-26,30.5402177004884
SKU00157,2026-02-02,33.024081768270534
SKU00157,2026-02-09,34.66049424760177
SKU00158,2026-01-05,31.354632240126573
SKU00158,2026-01-12,28.466688747917374
SKU00158,2026-01-19,28.932633432576022
SKU00158,2026-01-26,32.00476004038143
SKU00158,2026-02-02,38.279082102941835
SKU00158,2026-02-09,34.72557951010108
SKU00159,2026-01-05,30.717132606874213
SKU00159,2026-01-12,25.98304346912329
SKU00159,2026-01-19,30.257976344141685
SKU00159,2026-01-26,31.29322418246292
SKU00159,2026-02-02,32.65234997949428
SKU00159,2026-02-09,35.412066054041276
SKU00160,2026-01-05,24.140359126342126
SKU00160,2026-01-12,31.21223970470707
SKU00160,2026-01-19,31.640980934644197
SKU00160,2026-01-26,36.8092747024342
SKU00160,2026-02-02,36.69138543984937
SKU00160,2026-02-09,34.051094691370885
SKU00161,2026-01-05,25.3064022062355
SKU00161,2026-01-12,37.73259550645764
SKU00161,2026-01-19,34.62427374825559
SKU00161,2026-01-26,39.44859972979755
SKU00161,2026-02-02,34.12317519947913
SKU00161,2026-02-09,28.7924392569949
SKU00162,2026-01-05,35.33964403005501
SKU00162,2026-01-12,30.414525672166327
SKU00162,2026-01-19,30.830711568154356
SKU00162,2026-01-26,29.84409427909737
SKU00162,2026-02-02,29.770860850734
SKU00162,2026-02-09,36.71804833221621
SKU00163,2026-01-05,29.547562272117244
SKU00163,2026-01-12,28.560476332910913
SKU00163,2026-01-19,29.73305903673003
SKU00163,2026-01-26,35.90824658605062
SKU00163,2026-02-02,41.0307162945246
SKU00163,2026-02-09,33.53360404797862
SKU00164,2026-01-05,25.90004329935734
SKU00164,2026-01-12,26.024953804813865
SKU00164,2026-01-19,32.76266624082362
SKU00164,2026-01-26,34.30272201940965
SKU00164,2026-02-02,33.47408969350274
SKU00164,2026-02-09,40.932106181117284
SKU00165,2026-01-05,26.42374728464424
SKU00165,2026-01-12,31.076086154356503
SKU00165,2026-01-19,36.59148711379939
SKU00165,2026-01-26,32.95367254621399
SKU00165,2026-02-02,34.59286860339007
SKU00165,2026-02-09,34.81723330957272
SKU00166,2026-01-05,26.924248558870154
SKU00166,2026-01-12,24.10388893665663
SKU00166,2026-01-19,28.509586901428023
SKU00166,2026-01-26,33.07833566410853
SKU00166,2026-02-02,33.158659344369084
SKU00166,2026-02-09,35.51375912414474
SKU00167,2026-01-05,29.024550472509524
SKU00167,2026-01-12,27.23060781835569
SKU00167,2026-01-19,29.146285472598898
SKU00167,2026-01-26,36.83798168575051
SKU00167,2026-02-02,30.34105914211931
SKU00167,2026-02-09,33.94212950932736
SKU00168,2026-01-05,25.803303452045995
SKU00168,2026-01-12,40.06566113610914
SKU00168,2026-01-19,33.78430112184724
SKU00168,2026-01-26,31.40549228451858
SKU00168,2026-02-02,38.26703558350978
SKU00168,2026-02-09,26.145560057454265
SKU00169,2026-01-05,30.84015171316313
SKU00169,2026-01-12,31.694915448280675
SKU00169,2026-01-19,27.191869131929504
SKU00169,2026-01-26,29.429456372004818
SKU00169,2026-02-02,30.776990123178706
SKU00169,2026-02-09,35.09154265583431
SKU00170,2026-01-05,31.872894980639803
SKU00170,2026-01-12,29.61897979678619
SKU00170,2026-01-19,33.37377896668558
SKU00170,2026-01-26,33.320122362246444
SKU00170,2026-02-02,29.997878668997604
SKU00170,2026-02-09,36.14957627130249
SKU00171,2026-01-05,29.63238557877405
SKU00171,2026-01-12,25.821822540855624
SKU00171,2026-01-19,31.332354413003873
SKU00171,2026-01-26,31.925865126629052
SKU00171,2026-02-02,34.958080112078775
SKU00171,2026-02-09,32.61135298976789
SKU00172,2026-01-05,30.310980345093636
SKU00172,2026-01-12,28.919881991354163
SKU00172,2026-01-19,31.2905169259576
SKU00172,2026-01-26,35.90016932795903
SKU00172,2026-02-02,33.83042277837157
SKU00172,2026-02-09,35.654236757339405
SKU00173,2026-01-05,24.396744199360583
SKU00173,2026-01-12,34.945892739401266
SKU00173,2026-01-19,30.230321082990645
SKU00173,2026-01-26,40.19974082368346
SKU00173,2026-02-02,35.26172731836554
SKU00173,2026-02-09,30.1550237719096
SKU00174,2026-01-05,28.594631696114696
SKU00174,2026-01-12,27.940078265830934
SKU00174,2026-01-19,28.211184273595485
SKU00174,2026-01-26,30.716460406216555
SKU00174,2026-02-02,33.260978020949466
SKU00174,2026-02-09,36.332850004347684
SKU00175,2026-01-05,26.708220934853784
SKU00175,2026-01-12,36.671196577009944
SKU00175,2026-01-19,37.051502134452114
SKU00175,2026-01-26,31.42580613208985
SKU00175,2026-02-02,35.438836511474676
SKU00175,2026-02-09,30.67561073346119
SKU00176,2026-01-05,24.159619334746584
SKU00176,2026-01-12,27.587571453521004
SKU00176,2026-01-19,38.75287698956019
SKU00176,2026-01-26,35.06256881783829
SKU00176,2026-02-02,34.06359639501677
SKU00176,2026-02-09,34.87020657251055
SKU00177,2026-01-05,29.711035506190516
SKU00177,2026-01-12,26.30071965055099
SKU00177,2026-01-19,36.08662107167928
SKU00177,2026-01-26,36.79954883564194
SKU00177,2026-02-02,29.269976952996153
SKU00177,2026-02-09,34.87902816425337
SKU00178,2026-01-05,23.97588123777769
SKU00178,2026-01-12,30.99381144215602
SKU00178,2026-01-19,29.326433933233954
SKU00178,2026-01-26,31.38800173815847
SKU00178,2026-02-02,35.41408371158731
SKU00178,2026-02-09,38.159079251599316
SKU00179,2026-01-05,30.49013474860987
SKU00179,2026-01-12,27.182177773227625
SKU00179,2026-01-19,31.040597898571104
SKU00179,2026-01-26,33.85207978580067
SKU00179,2026-02-02,33.758657037477576
SKU00179,2026-02-09,34.351261993196886
SKU00180,2026-01-05,33.23799015776764
SKU00180,2026-01-12,30.460667890554166
SKU00180,2026-01-19,31.780535981896993
SKU00180,2026-01-26,33.06701188572464
SKU00180,2026-02-02,33.97319740479912
SKU00180,2026-02-09,35.755239497101805
SKU00181,2026-01-05,32.95038033274649
SKU00181,2026-01-12,27.88697600356591
SKU00181,2026-01-19,28.565854499551126
SKU00181,2026-01-26,33.27395426607657
SKU00181,2026-02-02,33.7542781697984
SKU00181,2026-02-09,33.31111909293654
SKU00182,2026-01-05,22.9234914046317
SKU00182,2026-01-12,36.95696712763599
SKU00182,2026-01-19,37.40392840335841
SKU00182,2026-01-26,34.30134719268815
SKU00182,2026-02-02,31.135185486482175
SKU00182,2026-02-09,28.69753948147444
SKU00183,2026-01-05,33.262454365730264
SKU00183,2026-01-12,28.47991072473319
SKU00183,2026-01-19,28.905402340124784
SKU00183,2026-01-26,29.868683164714728
SKU00183,2026-02-02,29.812579352947594
SKU00183,2026-02-09,34.699229816868396
SKU00184,2026-01-05,29.29135415527046
SKU00184,2026-01-12,31.722150182822183
SKU00184,2026-01-19,27.023911879676497
SKU00184,2026-01-26,31.641039393198895
SKU00184,2026-02-02,31.914245828672517
SKU00184,2026-02-09,29.238409467995453
SKU00185,2026-01-05,28.73898234478195
SKU00185,2026-01-12,29.73162529247346
SKU00185,2026-01-19,30.184524180968598
SKU00185,2026-01-26,35.09686954018042
SKU00185,2026-02-02,30.268336992547106
SKU00185,2026-02-09,36.045576852061025
SKU00186,2026-01-05,26.53200162606761
SKU00186,2026-01-12,31.01545641978709
SKU00186,2026-01-19,37.730733266945506
SKU00186,2026-01-26,32.48590402471695
SKU00186,2026-02-02,34.31476097481964
SKU00186,2026-02-09,32.31714116489394
SKU00187,2026-01-05,33.788931029802114
SKU00187,2026-01-12,30.726957111297626
SKU00187,2026-01-19,29.281793567773274
SKU00187,2026-01-26,27.722725655342245
SKU00187,2026-02-02,24.587807069522444
SKU00187,2026-02-09,30.967940029747023
SKU00188,2026-01-05,29.517373072468114
SKU00188,2026-01-12,28.31352523007645
SKU00188,2026-01-19,26.855446841972928
SKU00188,2026-01-26,26.37927561121495
SKU00188,2026-02-02,36.25490699506489
SKU00188,2026-02-09,30.973241333437937
SKU00189,2026-01-05,30.283870446084315
SKU00189,2026-01-12,29.328368399863372
SKU00189,2026-01-19,29.30785968811271
SKU00189,2026-01-26,40.31908722970923
SKU00189,2026-02-02,28.99789985573632
SKU00189,2026-02-09,35.90403423780758
SKU00190,2026-01-05,28.905245116441126
SKU00190,2026-01-12,32.04419441111175
SKU00190,2026-01-19,32.730747782304384
SKU00190,2026-01-26,25.41460844860589
SKU00190,2026-02-02,31.43503291074043
SKU00190,2026-02-09,32.631349391473435
SKU00191,2026-01-05,28.274705079704596
SKU00191,2026-01-12,29.330849871971992
SKU00191,2026-01-19,32.945517697558664
SKU00191,2026-01-26,27.328161860260977
SKU00191,2026-02-02,31.92039496911416
SKU00191,2026-02-09,36.147004235277755
SKU00192,2026-01-05,29.161687953496642
SKU00192,2026-01-12,33.57423399602736
SKU00192,2026-01-19,28.579368500431052
SKU00192,2026-01-26,29.639318718579062
SKU00192,2026-02-02,34.74088829508925
SKU00192,2026-02-09,30.377997825532475
SKU00193,2026-01-05,27.5945762537179
SKU00193,2026-01-12,30.34034299390445
SKU00193,2026-01-19,29.571522255861275
SKU00193,2026-01-26,35.69629778066607
SKU00193,2026-02-02,36.51049509919921
SKU00193,2026-02-09,35.936782727216354
SKU00194,2026-01-05,27.712642372700753
SKU00194,2026-01-12,29.390755570432372
SKU00194,2026-01-19,29.929343364120427
SKU00194,2026-01-26,30.979512639644504
SKU00194,2026-02-02,39.586437147134596
SKU00194,2026-02-09,33.794234818778406
SKU00195,2026-01-05,27.41966116556618
SKU00195,2026-01-12,27.516303817041358
SKU00195,2026-01-19,29.141030164024993
SKU00195,2026-01-26,40.653105711760546
SKU00195,2026-02-02,32.15149724567598
SKU00195,2026-02-09,38.81920425949643
SKU00196,2026-01-05,32.33114398522171
SKU00196,2026-01-12,24.651115115257063
SKU00196,2026-01-19,33.16898924049938
SKU00196,2026-01-26,35.83627460285228
SKU00196,2026-02-02,30.171583381067492
SKU00196,2026-02-09,32.47959494592484
SKU00197,2026-01-05,29.98620293788334
SKU00197,2026-01-12,31.84247575019805
SKU00197,2026-01-19,29.09197238738917
SKU00197,2026-01-26,29.923256495325436
SKU00197,2026-02-02,31.45626904642144
SKU00197,2026-02-09,32.63842763479413
SKU00198,2026-01-05,31.23400430869996
SKU00198,2026-01-12,30.415216124526708
SKU00198,2026-01-19,32.172762520157995
SKU00198,2026-01-26,26.912573551156136
SKU00198,2026-02-02,35.51895865703805
SKU00198,2026-02-09,29.66398092133102
SKU00199,2026-01-05,27.47388690652897
SKU00199,2026-01-12,31.31362391829912
SKU00199,2026-01-19,38.35727822380186
SKU00199,2026-01-26,34.93244990525329
SKU00199,2026-02-02,34.99849299416616
SKU00199,2026-02-09,35.04490918582889
SKU00200,2026-01-05,29.197104274050407
SKU00200,2026-01-12,32.24504648479105
SKU00200,2026-01-19,32.6316269325277
SKU00200,2026-01-26,35.42295323766504
SKU00200,2026-02-02,33.73696399785341
SKU00200,2026-02-09,37.23128606134028
SKU00201,2026-01-05,29.79909349958355
SKU00201,2026-01-12,27.15766952608072
SKU00201,2026-01-19,33.53881285359963
SKU00201,2026-01-26,32.55548456452639
SKU00201,2026-02-02,31.87037102931461
SKU00201,2026-02-09,36.13249231443022
SKU00202,2026-01-05,28.912669134131345
SKU00202,2026-01-12,30.705262619665298
SKU00202,2026-01-19,27.860878489199536
SKU00202,2026-01-26,29.91422816713294
SKU00202,2026-02-02,45.66840692015629
SKU00202,2026-02-09,31.607942981875944
SKU00203,2026-01-05,26.713924846538816
SKU00203,2026-01-12,26.04511053570339
SKU00203,2026-01-19,36.55175490655964
SKU00203,2026-01-26,25.53574551046666
SKU00203,2026-02-02,35.73011982064094
SKU00203,2026-02-09,32.083941331872104
SKU00204,2026-01-05,27.206568196505305
SKU00204,2026-01-12,26.99925540935721
SKU00204,2026-01-19,40.03761160131108
SKU00204,2026-01-26,35.33264543558594
SKU00204,2026-02-02,38.72029617840653
SKU00204,2026-02-09,31.365559199796596
SKU00205,2026-01-05,28.45187185278572
SKU00205,2026-01-12,31.54349147390644
SKU00205,2026-01-19,33.236631769809335
SKU00205,2026-01-26,34.57713477931959
SKU00205,2026-02-02,37.19365899884177
SKU00205,2026-02-09,27.156526529575945
SKU00206,2026-01-05,31.404264780961295
SKU00206,2026-01-12,31.852179319072793
SKU00206,2026-01-19,33.52105909553205
SKU00206,2026-01-26,28.61515563413996
SKU00206,2026-02-02,36.2517795536291
SKU00206,2026-02-09,28.720168245255728
SKU00207,2026-01-05,28.613690215910978
SKU00207,2026-01-12,34.88221696102199
SKU00207,2026-01-19,39.52747783026623
SKU00207,2026-01-26,37.72132789609128
SKU00207,2026-02-02,39.1632596573504
SKU00207,2026-02-09,31.731246567634596
SKU00208,2026-01-05,29.72825457163882
SKU00208,2026-01-12,30.58057585704413
SKU00208,2026-01-19,30.24628715976503
SKU00208,2026-01-26,33.21850191636353
SKU00208,2026-02-02,34.413029005833785
SKU00208,2026-02-09,34.42377132566595
SKU00209,2026-01-05,31.93640003075248
SKU00209,2026-01-12,31.110909164514975
SKU00209,2026-01-19,31.796125232720357
SKU00209,2026-01-26,29.259113583349965
SKU00209,2026-02-02,35.0891831920316
SKU00209,2026-02-09,33.9272808065835
SKU00210,2026-01-05,28.682128526200263
SKU00210,2026-01-12,33.03696412574136
SKU00210,2026-01-19,33.94201543386779
SKU00210,2026-01-26,32.99502626046467
SKU00210,2026-02-02,31.723094805117526
SKU00210,2026-02-09,29.30190236698705
SKU00211,2026-01-05,27.240713238512544
SKU00211,2026-01-12,28.35725994633903
SKU00211,2026-01-19,33.80034278171933
SKU00211,2026-01-26,27.845386344110125
SKU00211,2026-02-02,34.33380975711821
SKU00211,2026-02-09,34.23016594677758
SKU00212,2026-01-05,24.913924161839947
SKU00212,2026-01-12,29.889883837342573
SKU00212,2026-01-19,34.93892456528947
SKU00212,2026-01-26,35.43934488616501
SKU00212,2026-02-02,37.59551919677575
SKU00212,2026-02-09,32.78246017363868
SKU00213,2026-01-05,28.589027609811584
SKU00213,2026-01-12,33.026412054107624
SKU00213,2026-01-19,34.27226470149306
SKU00213,2026-01-26,30.272322393737735
SKU00213,2026-02-02,35.46646471440696
SKU00213,2026-02-09,33.184990304766096
SKU00214,2026-01-05,29.4798021629617
SKU00214,2026-01-12,33.33886189722514
SKU00214,2026-01-19,30.24089890139817
SKU00214,2026-01-26,30.693252005590956
SKU00214,2026-02-02,33.594277168304544
SKU00214,2026-02-09,33.38129813301209
SKU00215,2026-01-05,27.13332339877295
SKU00215,2026-01-12,30.534687665863327
SKU00215,2026-01-19,30.45989505375778
SKU00215,2026-01-26,34.36099726329944
SKU00215,2026-02-02,34.25926035608679
SKU00215,2026-02-09,36.121705127146186
SKU00216,2026-01-05,24.108328151956346
SKU00216,2026-01-12,30.883634327662396
SKU00216,2026-01-19,38.04022958458482
SKU00216,2026-01-26,37.410682343492724
SKU00216,2026-02-02,37.583901665601815
SKU00216,2026-02-09,32.915970017922554
SKU00217,2026-01-05,28.531394214460555
SKU00217,2026-01-12,28.403085654117625
SKU00217,2026-01-19,31.17345381603628
SKU00217,2026-01-26,37.27242946308552
SKU00217,2026-02-02,30.25523361498132
SKU00217,2026-02-09,33.52811319045085
SKU00218,2026-01-05,28.50952039895338
SKU00218,2026-01-12,28.821922304906185
SKU00218,2026-01-19,24.272603128811593
SKU00218,2026-01-26,30.51335030478018
SKU00218,2026-02-02,36.403455118461984
SKU00218,2026-02-09,29.734568906350752
SKU00219,2026-01-05,30.11466675220588
SKU00219,2026-01-12,31.88684942545977
SKU00219,2026-01-19,28.043252966535565
SKU00219,2026-01-26,34.410385398235235
SKU00219,2026-02-02,36.323867361750175
SKU00219,2026-02-09,28.079795272551433
SKU00220,2026-01-05,30.462963944221524
SKU00220,2026-01-12,29.496981504162342
SKU00220,2026-01-19,38.447172738659
SKU00220,2026-01-26,27.910603855815108
SKU00220,2026-02-02,33.01924250026207
SKU00220,2026-02-09,32.82001699169879
SKU00221,2026-01-05,29.64908795445133
SKU00221,2026-01-12,28.68660679460109
SKU00221,2026-01-19,28.796819274439514
SKU00221,2026-01-26,29.57898092889881
SKU00221,2026-02-02,33.30249252895957
SKU00221,2026-02-09,33.39159471115534
SKU00222,2026-01-05,29.007942032252874
SKU00222,2026-01-12,36.52606350230164
SKU00222,2026-01-19,27.381002411747936
SKU00222,2026-01-26,35.637655063800416
SKU00222,2026-02-02,34.26055511279719
SKU00222,2026-02-09,27.397241917400887
SKU00223,2026-01-05,28.421523885944694
SKU00223,2026-01-12,28.33692220156936
SKU00223,2026-01-19,31.470542757360132
SKU00223,2026-01-26,34.15722061777941
SKU00223,2026-02-02,32.54663351575155
SKU00223,2026-02-09,32.8036846320147
SKU00224,2026-01-05,25.490316915826916
SKU00224,2026-01-12,30.23051794414443
SKU00224,2026-01-19,35.147594807069375
SKU00224,2026-01-26,34.79426936031045
SKU00224,2026-02-02,30.971982312298348
SKU00224,2026-02-09,33.88614507612164
SKU00225,2026-01-05,26.855928938387503
SKU00225,2026-01-12,26.199121724928816
SKU00225,2026-01-19,29.690209817619586
SKU00225,2026-01-26,29.5785168558724
SKU00225,2026-02-02,33.50298685886022
SKU00225,2026-02-09,34.087691130494
SKU00226,2026-01-05,25.830437173464006
SKU00226,2026-01-12,29.23922857380639
SKU00226,2026-01-19,33.40919967797857
SKU00226,2026-01-26,38.2648414628388
SKU00226,2026-02-02,38.07078296794464
SKU00226,2026-02-09,33.83925161155365
SKU00227,2026-01-05,29.034513768921457
SKU00227,2026-01-12,29.639206735392936
SKU00227,2026-01-19,32.73514009954885
SKU00227,2026-01-26,29.206303804465215
SKU00227,2026-02-02,36.32685237218078
SKU00227,2026-02-09,33.88534505129963
SKU00228,2026-01-05,32.10922979006463
SKU00228,2026-01-12,32.270584593899095
SKU00228,2026-01-19,26.94089151579904
SKU00228,2026-01-26,34.52033475515323
SKU00228,2026-02-02,32.013282015081884
SKU00228,2026-02-09,29.448435463694384
SKU00229,2026-01-05,28.998284445319126
SKU00229,2026-01-12,26.269333597950425
SKU00229,2026-01-19,30.45912745122685
SKU00229,2026-01-26,40.71985115403478
SKU00229,2026-02-02,28.69711987368206
SKU00229,2026-02-09,36.66209704531853
SKU00230,2026-01-05,35.93969648984984
SKU00230,2026-01-12,38.652246925182666
SKU00230,2026-01-19,27.80484674658389
SKU00230,2026-01-26,32.294128066397974
SKU00230,2026-02-02,31.92689472357807
SKU00230,2026-02-09,25.789869903931265
SKU00231,2026-01-05,28.169624978222174
SKU00231,2026-01-12,30.16686006112228
SKU00231,2026-01-19,29.21022555395236
SKU00231,2026-01-26,40.5982754399388
SKU00231,2026-02-02,34.16520184295953
SKU00231,2026-02-09,36.860241620330015
SKU00232,2026-01-05,30.345567493809007
SKU00232,2026-01-12,29.688606327499684
SKU00232,2026-01-19,31.699396354617093
SKU00232,2026-01-26,37.31015470075867
SKU00232,2026-02-02,30.427135707810173
SKU00232,2026-02-09,32.76372219779973
SKU00233,2026-01-05,32.03967721018941
SKU00233,2026-01-12,30.65500984408766
SKU00233,2026-01-19,33.01840943404419
SKU00233,2026-01-26,31.406515280780845
SKU00233,2026-02-02,29.90333606239766
SKU00233,2026-02-09,31.960746277596247
SKU00234,2026-01-05,25.011349142090765
SKU00234,2026-01-12,30.884329043712725
SKU00234,2026-01-19,30.951851096267553
SKU00234,2026-01-26,37.47498424665811
SKU00234,2026-02-02,32.25636074154369
SKU00234,2026-02-09,38.434620702744304
SKU00235,2026-01-05,28.638060141104987
SKU00235,2026-01-12,29.35037463856095
SKU00235,2026-01-19,32.22376109205049
SKU00235,2026-01-26,32.585905435862855
SKU00235,2026-02-02,35.75017584564715
SKU00235,2026-02-09,35.92302808575458
SKU00236,2026-01-05,26.578093504319543
SKU00236,2026-01-12,28.712881084774676
SKU00236,2026-01-19,32.63025746956511
SKU00236,2026-01-26,38.318582669047935
SKU00236,2026-02-02,33.53432460767049
SKU00236,2026-02-09,41.8060777341153
SKU00237,2026-01-05,31.96791203234646
SKU00237,2026-01-12,28.492533962338666
SKU00237,2026-01-19,30.90294419815877
SKU00237,2026-01-26,36.811977204702636
SKU00237,2026-02-02,33.93550419871509
SKU00237,2026-02-09,34.92346549803145
SKU00238,2026-01-05,28.443628289755498
SKU00238,2026-01-12,27.971787108957876
SKU00238,2026-01-19,32.73657353236135
SKU00238,2026-01-26,28.69580113988016
SKU00238,2026-02-02,32.9949972590747
SKU00238,2026-02-09,33.26881336331337
SKU00239,2026-01-05,27.79681021512118
SKU00239,2026-01-12,29.18929526491164
SKU00239,2026-01-19,37.27137462427893
SKU00239,2026-01-26,30.760915579348207
SKU00239,2026-02-02,33.64557920703201
SKU00239,2026-02-09,34.86692864784289
SKU00240,2026-01-05,27.72420771954204
SKU00240,2026-01-12,28.949197214718687
SKU00240,2026-01-19,29.011896950981207
SKU00240,2026-01-26,32.01370638601255
SKU00240,2026-02-02,37.83793182696467
SKU00240,2026-02-09,35.63733805065215
SKU00241,2026-01-05,23.34006736882123
SKU00241,2026-01-12,25.33309345261879
SKU00241,2026-01-19,35.5718664304014
SKU00241,2026-01-26,33.548130102529946
SKU00241,2026-02-02,36.559900114920026
SKU00241,2026-02-09,35.171419063640634
SKU00242,2026-01-05,34.067899050076505
SKU00242,2026-01-12,28.87577287127741
SKU00242,2026-01-19,32.38460366043991
SKU00242,2026-01-26,32.41987306428547
SKU00242,2026-02-02,29.86258388137672
SKU00242,2026-02-09,34.180393450394405
SKU00243,2026-01-05,28.975355712002766
SKU00243,2026-01-12,30.701705043638597
SKU00243,2026-01-19,30.607407463086087
SKU00243,2026-01-26,29.80538495670498
SKU00243,2026-02-02,32.722945969974354
SKU00243,2026-02-09,37.996169425205544
SKU00244,2026-01-05,23.95319812863258
SKU00244,2026-01-12,27.748588288942333
SKU00244,2026-01-19,31.06132664366822
SKU00244,2026-01-26,35.19446562928311
SKU00244,2026-02-02,34.983674363400276
SKU00244,2026-02-09,37.71797476567976
SKU00245,2026-01-05,27.387194819065
SKU00245,2026-01-12,31.756779405553914
SKU00245,2026-01-19,34.57212316924559
SKU00245,2026-01-26,25.60452914498902
SKU00245,2026-02-02,36.148655200508315
SKU00245,2026-02-09,27.92371443083082
SKU00246,2026-01-05,33.27940661881758
SKU00246,2026-01-12,28.64311549482073
SKU00246,2026-01-19,37.907591394887014
SKU00246,2026-01-26,29.513453507735818
SKU00246,2026-02-02,31.45746425699062
SKU00246,2026-02-09,35.889611429143045
SKU00247,2026-01-05,29.282962414590394
SKU00247,2026-01-12,33.4575952290946
SKU00247,2026-01-19,29.39276286463122
SKU00247,2026-01-26,34.1439757828804
SKU00247,2026-02-02,35.3511756489932
SKU00247,2026-02-09,31.63940160391172
SKU00248,2026-01-05,31.22656886894024
SKU00248,2026-01-12,30.003359774533738
SKU00248,2026-01-19,39.18371812059611
SKU00248,2026-01-26,39.12400085245887
SKU00248,2026-02-02,27.05891146225806
SKU00248,2026-02-09,35.54197193267745
SKU00249,2026-01-05,32.105441775645566
SKU00249,2026-01-12,30.633370342088824
SKU00249,2026-01-19,34.946213351215846
SKU00249,2026-01-26,28.251480577182114
SKU00249,2026-02-02,28.398848081101864
SKU00249,2026-02-09,36.280291758675844
SKU00250,2026-01-05,32.657400586907485
SKU00250,2026-01-12,28.938483179434932
SKU00250,2026-01-19,30.19635270229796
SKU00250,2026-01-26,29.093582337975352
SKU00250,2026-02-02,30.422566952804715
SKU00250,2026-02-09,32.54405164539112
