sku_id,forecast_horizon_units,stock_on_hand,reorder_point,safety_stock,n_stores_carrying,last_restock_date,category,subcategory,unit_price,list_price,weekly_avg_forecast,weeks_of_cover,stockout_risk,overstock_risk,quadrant,rupee_at_risk_stockout,rupee_locked_overstock
SKU00001,194.36646203475442,215.0,100.0,33.0,1.0,2025-12-22,Home & Kitchen,Cookware,619.77,813.41,32.394410339125734,6.6369474779519155,0.0,0.0,Healthy,0.0,0.0
SKU00002,187.0584550863303,0.0,1582.0,573.0,25.0,2025-10-06,Dairy & Bakery,Bread,49.57,70.38,31.17640918105505,0.0,1.0,0.0,Reorder Now,8776.78,0.0
SKU00003,185.28063448935393,414.0,250.0,85.0,4.0,2025-12-13,Stationery & Office,Notebooks,83.67,151.28,30.880105748225656,13.406689840231136,0.0,0.11722415335259469,Healthy,0.0,3634.52
SKU00004,184.44212996072358,148.0,99.0,35.0,1.0,2025-12-03,Dairy & Bakery,Eggs,156.32,233.64,30.74035499345393,4.8145182458535745,0.0,0.0,Healthy,0.0,0.0
SKU00005,200.69591607531595,411.0,284.0,104.0,5.0,2025-12-26,Home Care,Pest Control,83.46,138.5,33.44931934588599,12.28724554153147,0.0,0.023937128460955897,Healthy,0.0,801.9
SKU00006,187.00790925963918,621.0,324.0,130.0,5.0,2025-12-29,Health & Wellness,OTC Medicine,830.81,1413.92,31.16798487660653,19.924290981868975,0.0,0.6603575818224146,Markdown / Clear,0.0,205196.93
SKU00007,196.6243443588691,87.0,163.0,54.0,2.0,2025-12-05,Beverages,Energy Drinks,78.97,129.75,32.77072405981152,2.654808598101521,0.3362978504746198,0.0,Healthy,5719.76,0.0
SKU00008,179.80607109113953,,,,,,,,358.31,492.11,29.96767851518992,,0.0,0.0,Healthy,,
SKU00009,190.09883770656285,85.0,154.0,39.0,2.0,2025-12-29,Frozen Foods,Frozen Vegetables,178.03,251.86,31.683139617760474,2.68281493013249,0.32929626746687746,0.0,Healthy,10510.76,0.0
SKU00010,191.28171199048228,,,,,,,,1096.65,1602.79,31.880285331747046,,0.0,0.0,Healthy,,
SKU00011,191.78824808393804,3.0,35.0,17.0,1.0,2025-11-11,Stationery & Office,Writing Instruments,83.12,123.36,31.964708013989675,0.09385350864731878,0.9765366228381703,0.0,Reorder Now,15402.59,0.0
SKU00012,186.93585912919804,7156.0,1551.0,546.0,27.0,2025-09-01,Health & Wellness,Vitamins & Supplements,526.59,813.52,31.155976521533006,229.6830592054861,0.0,1.0,Markdown / Clear,0.0,3571400.93
SKU00013,187.80552817190022,314.0,145.0,55.0,2.0,2025-12-17,Personal Care,Hair Care,402.76,521.95,31.30092136198337,10.031653585167932,0.0,0.0,Healthy,0.0,0.0
SKU00014,189.24802298384304,33.0,76.0,17.0,1.0,2025-11-28,Personal Care,Men's Grooming,126.47,161.5,31.54133716397384,1.0462460684036006,0.7384384828990999,0.0,Reorder Now,15046.2,0.0
SKU00015,191.1035737447444,79.0,28.0,12.0,1.0,2025-11-05,Home Care,Dishwashing,205.47,277.24,31.850595624124068,2.4803303816448676,0.3799174045887831,0.0,Healthy,13419.08,0.0
SKU00016,188.47262755837147,106.0,56.0,22.0,2.0,2025-11-24,Apparel & Footwear,Men's Wear,2163.92,3478.65,31.412104593061912,3.3744953218897833,0.15637616952755418,0.0,Healthy,68349.97,0.0
SKU00017,189.10690721544205,77.0,55.0,19.0,2.0,2025-12-15,Dairy & Bakery,Eggs,218.27,280.39,31.517817869240343,2.443062534324363,0.3892343664189093,0.0,Healthy,13759.09,0.0
SKU00018,189.68936037797698,148.0,188.0,55.0,3.0,2025-12-20,Snacks & Confectionery,Chips & Crisps,70.86,93.88,31.614893396329496,4.68133794236304,0.0,0.0,Healthy,0.0,0.0
SKU00019,190.36936930593137,120.0,86.0,40.0,1.0,2025-11-25,Personal Care,Hair Care,229.13,394.36,31.72822821765523,3.782121055635429,0.054469736091142695,0.0,Healthy,2726.18,0.0
SKU00020,184.57412818996536,0.0,1358.0,498.0,23.0,2025-10-10,Grocery,Rice & Grains,69.58,109.5,30.76235469832756,0.0,1.0,0.0,Reorder Now,13473.91,0.0
SKU00021,191.31952744181106,252.0,111.0,43.0,2.0,2025-12-22,Beverages,Tea,73.74,116.7,31.88658790696851,7.9030092757252275,0.0,0.0,Healthy,0.0,0.0
SKU00022,186.54443226633902,,,,,,,,147.24,201.01,31.090738711056503,,0.0,0.0,Healthy,,
SKU00023,187.4325819428373,20.0,39.0,13.0,1.0,2025-11-05,Apparel & Footwear,Footwear,1381.64,2028.91,31.238763657139547,0.6402302030742836,0.8399424492314291,0.0,Reorder Now,212944.36,0.0
SKU00024,187.6677385257089,6453.0,1467.0,490.0,25.0,2025-08-29,Electronics & Accessories,Batteries,1671.96,2711.05,31.277956420951483,206.31143266372317,0.0,1.0,Markdown / Clear,0.0,10161611.98
SKU00025,194.80322996377868,213.0,169.0,57.0,3.0,2025-12-30,Electronics & Accessories,Mobile Accessories,1483.61,2441.35,32.467204993963115,6.560466170081619,0.0,0.0,Healthy,0.0,0.0
SKU00026,193.98856934871253,81.0,51.0,24.0,1.0,2025-11-14,Home Care,Laundry,190.99,287.47,32.33142822478542,2.505302253796046,0.37367443655098853,0.0,Healthy,13892.19,0.0
SKU00027,191.88760703008705,204.0,113.0,39.0,2.0,2025-11-21,Electronics & Accessories,Mobile Accessories,435.8,608.24,31.981267838347843,6.37873398362867,0.0,0.0,Healthy,0.0,0.0
SKU00028,200.1155922117601,371.0,247.0,76.0,4.0,2025-12-14,Beverages,Bottled Water,63.96,94.45,33.35259870196001,11.123571009121926,0.0,0.0,Healthy,0.0,0.0
SKU00029,191.06285344191735,,,,,,,,1222.63,1987.18,31.843808906986226,,0.0,0.0,Healthy,,
SKU00030,189.3633864403909,82.0,105.0,44.0,2.0,2025-12-19,Frozen Foods,Frozen Meat,283.65,402.34,31.560564406731817,2.5981791372054657,0.3504552156986336,0.0,Healthy,17800.43,0.0
SKU00031,188.36889765051058,508.0,270.0,76.0,5.0,2025-12-29,Stationery & Office,Office Supplies,121.13,151.46,31.394816275085095,16.181015220756315,0.0,0.34841793506302626,Healthy,0.0,15899.79
SKU00032,192.5212600248633,5246.0,1272.0,440.0,20.0,2025-12-10,Beverages,Coffee,30.84,51.91,32.08687667081055,163.49363179908033,0.0,1.0,Markdown / Clear,0.0,149911.93
SKU00033,194.93939877610805,136.0,64.0,18.0,1.0,2025-12-24,Home Care,Air Fresheners,112.21,164.5,32.48989979601801,4.185916264865436,0.0,0.0,Healthy,0.0,0.0
SKU00034,185.31441860166734,136.0,113.0,49.0,2.0,2025-12-24,Electronics & Accessories,Small Appliances,1355.55,2105.17,30.885736433611225,4.403327092178342,0.0,0.0,Healthy,0.0,0.0
SKU00035,187.17701567695718,594.0,298.0,113.0,6.0,2025-12-28,Home Care,Air Fresheners,130.18,215.32,31.196169279492864,19.04079935835174,0.0,0.5867332798626451,Markdown / Clear,0.0,28593.51
SKU00036,188.94898772921803,134.0,85.0,25.0,1.0,2025-11-25,Home Care,Air Fresheners,145.16,188.79,31.491497954869672,4.255116736334195,0.0,0.0,Healthy,0.0,0.0
SKU00037,191.61317605846318,334.0,143.0,61.0,2.0,2025-12-23,Beverages,Energy Drinks,86.73,109.86,31.935529343077196,10.458570966897176,0.0,0.0,Healthy,0.0,0.0
SKU00038,179.89098770804657,18.0,49.0,24.0,1.0,2025-11-30,Personal Care,Skin Care,240.69,377.52,29.981831284674428,0.6003635945080151,0.8499091013729962,0.0,Reorder Now,38479.6,0.0
SKU00039,195.79551251707704,290.0,179.0,56.0,3.0,2025-11-21,Snacks & Confectionery,Candy,79.49,124.83,32.63258541951284,8.886822673467755,0.0,0.0,Healthy,0.0,0.0
SKU00040,191.66025560115793,101.0,84.0,35.0,1.0,2025-11-04,Dairy & Bakery,Cheese,118.43,206.7,31.943375933526323,3.1618448911029144,0.2095387772242714,0.0,Healthy,5534.08,0.0
SKU00041,185.04596694908014,123.0,115.0,46.0,2.0,2025-12-14,Electronics & Accessories,Small Appliances,1754.57,2490.74,30.840994491513356,3.988198241591931,0.0029504396020172408,0.0,Healthy,906.57,0.0
SKU00042,189.35111264411063,,,,,,,,617.92,1110.09,31.558518774018438,,0.0,0.0,Healthy,,
SKU00043,190.18741392081142,107.0,68.0,26.0,1.0,2025-12-23,Health & Wellness,First Aid,414.79,615.37,31.69790232013524,3.375617696065368,0.15609557598365797,0.0,Healthy,12179.16,0.0
SKU00044,176.03172994566197,316.0,135.0,50.0,3.0,2025-12-12,Personal Care,Skin Care,309.26,525.77,29.33862165761033,10.770785474784933,0.0,0.0,Healthy,0.0,0.0
SKU00045,193.60923052197526,90.0,109.0,40.0,2.0,2025-11-27,Stationery & Office,Writing Instruments,253.27,352.71,32.26820508699588,2.7891232176490073,0.3027191955877482,0.0,Healthy,13781.37,0.0
SKU00046,210.30181911527774,324.0,244.0,97.0,4.0,2025-11-30,Beverages,Bottled Water,120.46,154.0,35.05030318587962,9.24385727226824,0.0,0.0,Healthy,0.0,0.0
SKU00047,189.48533175693944,291.0,160.0,67.0,4.0,2025-12-20,Personal Care,Men's Grooming,165.62,289.44,31.580888626156575,9.214433559636507,0.0,0.0,Healthy,0.0,0.0
SKU00048,193.97587073358415,332.0,173.0,82.0,2.0,2025-11-18,Beverages,Energy Drinks,83.14,111.68,32.32931178893069,10.269318510939485,0.0,0.0,Healthy,0.0,0.0
SKU00049,184.50751611746665,50.0,35.0,7.0,1.0,2025-12-29,Personal Care,Oral Care,442.65,584.25,30.75125268624444,1.6259500225942292,0.5935124943514427,0.0,Reorder Now,42653.18,0.0
SKU00050,185.97073627178784,48.0,1066.0,370.0,18.0,2025-12-04,Stationery & Office,Office Supplies,20.25,34.08,30.99512271196464,1.5486307457486268,0.6128423135628434,0.0,Reorder Now,2589.42,0.0
SKU00051,187.79401935051382,123.0,71.0,24.0,1.0,2025-11-25,Personal Care,Oral Care,262.89,336.75,31.299003225085638,3.929837609058985,0.017540597735253738,0.0,Healthy,739.51,0.0
SKU00052,195.71073579695144,5399.0,1299.0,466.0,22.0,2025-11-12,Home & Kitchen,Storage & Containers,967.68,1372.15,32.61845596615857,165.51979056278526,0.0,1.0,Markdown / Clear,0.0,4845733.59
SKU00053,190.6853054023894,60.0,27.0,9.0,1.0,2025-12-06,Home Care,Pest Control,220.18,322.02,31.780884233731566,1.8879273326296333,0.5280181668425916,0.0,Reorder Now,21615.12,0.0
SKU00054,180.768058787692,,,,,,,,1493.11,2079.97,30.128009797948668,,0.0,0.0,Healthy,,
SKU00055,186.56456230848667,,,,,,,,254.65,409.38,31.094093718081112,,0.0,0.0,Healthy,,
SKU00056,184.1944418755476,113.0,189.0,59.0,3.0,2025-12-20,Dairy & Bakery,Butter & Ghee,44.4,79.8,30.6990736459246,3.680892827689643,0.07977679307758923,0.0,Healthy,781.74,0.0
SKU00057,191.6906781703819,30.0,31.0,15.0,1.0,2025-12-01,Apparel & Footwear,Kids Wear,1510.65,2287.08,31.948446361730316,0.939012797690711,0.7652468005773223,0.0,Reorder Now,223662.21,0.0
SKU00058,187.2769422838259,149.0,93.0,29.0,1.0,2025-12-21,Stationery & Office,Office Supplies,69.93,95.03,31.21282371397098,4.773678964947571,0.0,0.0,Healthy,0.0,0.0
SKU00059,181.37784274757428,601.0,233.0,53.0,3.0,2025-12-26,Dairy & Bakery,Butter & Ghee,95.47,122.45,30.229640457929047,19.88114945781174,0.0,0.6567624548176451,Markdown / Clear,0.0,22745.18
SKU00060,198.54051845189719,253.0,148.0,49.0,2.0,2025-12-22,Apparel & Footwear,Men's Wear,476.15,724.16,33.09008640864953,7.645794479819413,0.0,0.0,Healthy,0.0,0.0
SKU00061,187.24325218683316,296.0,177.0,68.0,3.0,2025-12-27,Dairy & Bakery,Milk,153.89,249.85,31.207208697805527,9.484987999609672,0.0,0.0,Healthy,0.0,0.0
SKU00062,191.30336520027464,228.0,1221.0,427.0,20.0,2025-11-18,Electronics & Accessories,Mobile Accessories,291.09,499.45,31.883894200045773,7.150945821406993,0.0,0.0,Healthy,0.0,0.0
SKU00063,190.36298422703277,84.0,82.0,39.0,1.0,2025-12-18,Apparel & Footwear,Women's Wear,1264.03,1612.54,31.727164037838794,2.6475735398165123,0.3381066150458719,0.0,Healthy,69191.92,0.0
SKU00064,203.4651629346439,409.0,269.0,81.0,3.0,2025-12-31,Home Care,Air Fresheners,130.58,214.86,33.910860489107314,12.061032781264192,0.0,0.0050860651053493315,Healthy,0.0,270.26
SKU00065,184.38504013308417,215.0,76.0,33.0,1.0,2025-11-27,Electronics & Accessories,Small Appliances,749.86,964.12,30.730840022180697,6.996229190117119,0.0,0.0,Healthy,0.0,0.0
SKU00066,184.09459254368488,5315.0,1296.0,457.0,25.0,2025-12-20,Dairy & Bakery,Cheese,132.45,222.25,30.682432090614146,173.22616356823536,0.0,1.0,Markdown / Clear,0.0,655205.09
SKU00067,188.75064389973807,204.0,140.0,55.0,2.0,2025-11-13,Grocery,Spices & Seasoning,273.09,492.46,31.458440649956344,6.484746089926841,0.0,0.0,Healthy,0.0,0.0
SKU00068,210.49012179969714,8.0,99.0,39.0,1.0,2025-12-07,Beverages,Tea,161.78,266.94,35.08168696661619,0.22803920483107948,0.9429901987922301,0.0,Reorder Now,35323.3,0.0
SKU00069,191.44510570222883,7735.0,1614.0,563.0,27.0,2025-09-02,Home Care,Laundry,174.28,258.89,31.90751761703814,242.41936000278585,0.0,1.0,Markdown / Clear,0.0,1281325.69
SKU00070,186.07978682125807,378.0,193.0,67.0,4.0,2025-12-26,Home & Kitchen,Storage & Containers,470.84,738.95,31.01329780354301,12.188320068200444,0.0,0.01569333901670363,Healthy,0.0,2749.91
SKU00071,193.7258201190591,285.0,142.0,42.0,2.0,2025-11-28,Beverages,Juices,212.25,273.19,32.28763668650985,8.826908044312711,0.0,0.0,Healthy,0.0,0.0
SKU00072,188.68294347963962,,,,,,,,224.58,327.25,31.447157246606604,,0.0,0.0,Healthy,,
SKU00073,202.28284307801997,126.0,60.0,22.0,1.0,2025-11-13,Electronics & Accessories,Small Appliances,704.61,1216.02,33.71380717966999,3.7373411827537586,0.06566470431156035,0.0,Healthy,10768.14,0.0
SKU00074,194.75137419305,88.0,74.0,22.0,2.0,2025-12-11,Snacks & Confectionery,Candy,139.5,197.5,32.458562365508335,2.7111490339298587,0.3222127415175353,0.0,Healthy,8262.26,0.0
SKU00075,195.26259292323977,7071.0,1707.0,614.0,29.0,2025-11-21,Electronics & Accessories,Batteries,2393.21,3697.58,32.54376548720663,217.27663944664613,0.0,1.0,Markdown / Clear,0.0,15987779.13
SKU00076,191.25492948238553,153.0,138.0,42.0,3.0,2025-12-20,Dairy & Bakery,Butter & Ghee,220.42,306.25,31.875821580397588,4.7998762828465935,0.0,0.0,Healthy,0.0,0.0
SKU00077,188.05081559652814,206.0,195.0,56.0,3.0,2025-12-14,Apparel & Footwear,Women's Wear,1166.71,1562.82,31.341802599421356,6.572691514680245,0.0,0.0,Healthy,0.0,0.0
SKU00078,193.5590329387283,69.0,30.0,14.0,1.0,2025-11-15,Frozen Foods,Ready Meals,653.46,820.53,32.259838823121385,2.1388823539485906,0.46527941151285235,0.0,Healthy,49264.09,0.0
SKU00079,188.02252528171883,138.0,1142.0,378.0,18.0,2025-12-30,Frozen Foods,Frozen Vegetables,137.37,197.9,31.33708754695314,4.403727685070642,0.0,0.0,Healthy,0.0,0.0
SKU00080,188.66910410639113,1.0,43.0,16.0,1.0,2025-11-02,Snacks & Confectionery,Biscuits & Cookies,54.69,85.23,31.44485068439852,0.03180170928577994,0.992049572678555,0.0,Reorder Now,10634.95,0.0
SKU00081,193.4409490964048,276.0,117.0,55.0,2.0,2025-12-30,Home Care,Laundry,76.17,115.69,32.240158182734135,8.560752042085475,0.0,0.0,Healthy,0.0,0.0
SKU00082,188.31016164437403,175.0,113.0,45.0,2.0,2025-12-09,Home & Kitchen,Storage & Containers,312.42,480.16,31.385026940729006,5.5759072735699595,0.0,0.0,Healthy,0.0,0.0
SKU00083,197.78688457613586,6987.0,1605.0,621.0,27.0,2025-12-09,Grocery,Pulses & Lentils,221.02,333.54,32.96448076268931,211.95540892329788,0.0,1.0,Markdown / Clear,0.0,1456837.03
SKU00084,185.78240991067833,39.0,108.0,33.0,2.0,2025-11-25,Apparel & Footwear,Men's Wear,729.59,1308.64,30.963734985113053,1.2595379730110297,0.6851155067472425,0.0,Reorder Now,111044.57,0.0
SKU00085,204.15396034318314,308.0,167.0,51.0,2.0,2025-12-05,Home Care,Dishwashing,228.02,372.68,34.02566005719719,9.051991922632844,0.0,0.0,Healthy,0.0,0.0
SKU00086,186.05014878541036,230.0,224.0,100.0,3.0,2025-12-21,Electronics & Accessories,Small Appliances,2220.28,2786.01,31.008358130901726,7.417354992775026,0.0,0.0,Healthy,0.0,0.0
SKU00087,189.59202061584034,28.0,77.0,27.0,1.0,2025-12-14,Health & Wellness,First Aid,180.72,231.1,31.598670102640057,0.8861132417614187,0.7784716895596453,0.0,Reorder Now,22739.01,0.0
SKU00088,192.58764583108004,,,,,,,,83.54,148.62,32.097940971846675,,0.0,0.0,Healthy,,
SKU00089,187.61538467269395,,,,,,,,251.4,316.27,31.269230778782326,,0.0,0.0,Healthy,,
SKU00090,181.39859684479836,7868.0,1737.0,598.0,23.0,2025-08-22,Health & Wellness,OTC Medicine,462.73,618.63,30.23309947413306,260.2445709124773,0.0,1.0,Markdown / Clear,0.0,3472882.49
SKU00091,195.2667485709749,260.0,137.0,47.0,3.0,2025-12-09,Beverages,Bottled Water,123.16,223.64,32.54445809516248,7.989071418541988,0.0,0.0,Healthy,0.0,0.0
SKU00092,191.0754618893916,137.0,115.0,34.0,2.0,2025-12-01,Health & Wellness,OTC Medicine,630.38,809.88,31.8459103148986,4.301965264780224,0.0,0.0,Healthy,0.0,0.0
SKU00093,192.7806933881964,276.0,158.0,49.0,2.0,2025-12-07,Beverages,Energy Drinks,171.07,216.52,32.1301155646994,8.590071811109036,0.0,0.0,Healthy,0.0,0.0
SKU00094,191.535175617214,88.0,73.0,24.0,2.0,2025-12-26,Health & Wellness,OTC Medicine,756.04,1069.07,31.92252926953567,2.756673797899223,0.3108315505251943,0.0,Healthy,42431.51,0.0
SKU00095,189.61158561092546,98.0,77.0,25.0,1.0,2025-11-19,Health & Wellness,First Aid,520.58,696.82,31.601930935154243,3.1010763298322384,0.2247309175419404,0.0,Healthy,19795.07,0.0
SKU00096,196.09773375574926,127.0,76.0,24.0,1.0,2025-11-26,Beverages,Juices,133.12,210.25,32.68295562595821,3.8858174717567815,0.028545632060804627,0.0,Healthy,784.62,0.0
SKU00097,187.8886767094652,377.0,172.0,63.0,2.0,2025-12-02,Apparel & Footwear,Kids Wear,764.96,1103.71,31.314779451577532,12.039043755136777,0.0,0.0032536462613981243,Healthy,0.0,935.28
SKU00098,186.07921097450918,224.0,83.0,20.0,1.0,2025-11-27,Personal Care,Men's Grooming,224.26,306.0,31.013201829084863,7.222730540189755,0.0,0.0,Healthy,0.0,0.0
SKU00099,196.86272638311948,18.0,77.0,34.0,1.0,2025-12-31,Apparel & Footwear,Footwear,1154.2,1671.99,32.81045439718658,0.5486056298428911,0.8628485925392773,0.0,Reorder Now,189339.19,0.0
SKU00100,186.16746222748407,177.0,116.0,55.0,2.0,2025-12-25,Grocery,Flour & Atta,291.49,465.53,31.027910371247344,5.704541423582966,0.0,0.0,Healthy,0.0,0.0
SKU00101,183.61182141870063,,,,,,,,87.31,122.57,30.601970236450104,,0.0,0.0,Healthy,,
SKU00102,193.83492265637676,131.0,130.0,57.0,2.0,2025-12-23,Home Care,Surface Cleaners,84.9,111.77,32.30582044272946,4.054996845916105,0.0,0.0,Healthy,0.0,0.0
SKU00103,195.67126035604682,294.0,176.0,51.0,4.0,2025-12-27,Snacks & Confectionery,Namkeen,136.39,179.7,32.6118767260078,9.015120548568017,0.0,0.0,Healthy,0.0,0.0
SKU00104,182.03374029179724,299.0,137.0,54.0,2.0,2025-12-08,Dairy & Bakery,Bread,227.32,389.89,30.338956715299542,9.855315817409707,0.0,0.0,Healthy,0.0,0.0
SKU00105,187.91389178451772,6368.0,1389.0,496.0,26.0,2025-11-07,Health & Wellness,First Aid,332.66,503.0,31.318981964086287,203.32717095664967,0.0,1.0,Markdown / Clear,0.0,1993356.01
SKU00106,198.04192032891987,436.0,327.0,136.0,5.0,2025-12-25,Beverages,Bottled Water,112.38,200.8,33.00698672148665,13.20932454934385,0.0,0.1007770457786541,Healthy,0.0,4485.78
SKU00107,194.42118145906144,278.0,240.0,88.0,4.0,2025-12-31,Electronics & Accessories,Mobile Accessories,1778.82,2511.78,32.40353024317691,8.579312127836362,0.0,0.0,Healthy,0.0,0.0
SKU00108,199.78531364227163,277.0,192.0,67.0,3.0,2025-12-14,Beverages,Juices,50.11,82.07,33.297552273711936,8.31892980369877,0.0,0.0,Healthy,0.0,0.0
SKU00109,188.4102458824751,,,,,,,,80.35,102.67,31.40170764707918,,0.0,0.0,Healthy,,
SKU00110,192.2246448434961,134.0,83.0,25.0,2.0,2025-12-24,Health & Wellness,Vitamins & Supplements,202.12,286.87,32.03744080724935,4.182606245180446,0.0,0.0,Healthy,0.0,0.0
SKU00111,181.80747902209094,442.0,191.0,71.0,3.0,2025-12-15,Apparel & Footwear,Footwear,1506.31,2316.85,30.301246503681824,14.5868586609562,0.0,0.21557155507968329,Healthy,0.0,118072.17
SKU00112,193.28616048256538,377.0,194.0,49.0,4.0,2025-12-26,Snacks & Confectionery,Chips & Crisps,160.42,218.89,32.21436008042756,11.702855467523424,0.0,0.0,Healthy,0.0,0.0
SKU00113,180.0554584720822,230.0,145.0,53.0,2.0,2025-11-10,Dairy & Bakery,Bread,82.18,136.55,30.009243078680367,7.664305274110702,0.0,0.0,Healthy,0.0,0.0
SKU00114,190.25882548725465,96.0,123.0,37.0,2.0,2025-12-26,Stationery & Office,Writing Instruments,97.29,169.83,31.709804247875777,3.0274548290985113,0.24313629272537218,0.0,Healthy,5237.42,0.0
SKU00115,194.41098825206615,336.0,250.0,71.0,3.0,2025-12-06,Stationery & Office,Office Supplies,26.2,45.82,32.40183137534436,10.369784229408516,0.0,0.0,Healthy,0.0,0.0
SKU00116,193.2586322684075,10.0,41.0,11.0,1.0,2025-12-23,Frozen Foods,Ready Meals,220.62,317.12,32.209772044734585,0.31046478646640174,0.9223838033833995,0.0,Reorder Now,37686.25,0.0
SKU00117,193.21990421403476,278.0,191.0,74.0,4.0,2025-12-30,Home Care,Surface Cleaners,199.97,258.96,32.203317369005795,8.632651003451034,0.0,0.0,Healthy,0.0,0.0
SKU00118,189.71517266432852,351.0,159.0,53.0,3.0,2025-12-27,Personal Care,Bath & Body,175.46,289.69,31.619195444054753,11.100851715883786,0.0,0.0,Healthy,0.0,0.0
SKU00119,184.7922754751276,5.0,22.0,11.0,1.0,2025-11-10,Health & Wellness,OTC Medicine,713.33,963.94,30.798712579187935,0.1623444482344604,0.9594138879413849,0.0,Reorder Now,113932.74,0.0
SKU00120,194.4236021921833,252.0,180.0,49.0,2.0,2025-11-24,Health & Wellness,First Aid,275.41,492.32,32.403933698697216,7.776833588884041,0.0,0.0,Healthy,0.0,0.0
SKU00121,191.26373587244865,,,,,,,,124.65,195.28,31.877289312074776,,0.0,0.0,Healthy,,
SKU00122,185.68978027864597,98.0,160.0,46.0,3.0,2025-12-23,Grocery,Cooking Oil,114.13,159.98,30.948296713107663,3.166571682715374,0.20835707932115655,0.0,Healthy,4126.39,0.0
SKU00123,191.7438553473815,231.0,128.0,54.0,2.0,2025-11-18,Beverages,Juices,75.0,99.13,31.957309224563584,7.228393303602819,0.0,0.0,Healthy,0.0,0.0
SKU00124,182.14802704949062,15.0,27.0,13.0,1.0,2025-12-15,Stationery & Office,Writing Instruments,271.63,345.68,30.358004508248438,0.4941036225198668,0.8764740943700333,0.0,Reorder Now,36791.42,0.0
SKU00125,188.12326461278474,186.0,98.0,31.0,2.0,2025-12-30,Home Care,Air Fresheners,338.32,477.75,31.353877435464124,5.9322806368317575,0.0,0.0,Healthy,0.0,0.0
SKU00126,196.23788893755815,140.0,143.0,47.0,2.0,2025-12-25,Home Care,Dishwashing,168.71,253.44,32.70631482292636,4.280518938252967,0.0,0.0,Healthy,0.0,0.0
SKU00127,188.384117204949,4986.0,1188.0,404.0,19.0,2025-12-26,Home Care,Dishwashing,126.42,223.69,31.397352867491502,158.80319659567394,0.0,1.0,Markdown / Clear,0.0,582699.08
SKU00128,189.1630123639076,124.0,53.0,25.0,1.0,2025-12-17,Apparel & Footwear,Footwear,459.21,741.97,31.52716872731793,3.933115627111654,0.01672109322208648,0.0,Healthy,1564.57,0.0
SKU00129,187.88543954291947,83.0,47.0,17.0,1.0,2025-11-13,Grocery,Cooking Oil,169.57,217.18,31.314239923819912,2.650551321121612,0.337362169719597,0.0,Healthy,9177.37,0.0
SKU00130,196.87509983223637,225.0,123.0,49.0,2.0,2025-12-29,Grocery,Pulses & Lentils,251.98,362.18,32.812516638706064,6.857139379994618,0.0,0.0,Healthy,0.0,0.0
SKU00131,187.78176666284776,261.0,140.0,57.0,2.0,2025-12-08,Dairy & Bakery,Eggs,75.8,119.24,31.296961110474626,8.339467818575114,0.0,0.0,Healthy,0.0,0.0
SKU00132,195.24246934147396,,,,,,,,281.04,459.06,32.540411556912325,,0.0,0.0,Healthy,,
SKU00133,190.4213059530631,365.0,133.0,52.0,3.0,2025-12-31,Electronics & Accessories,Small Appliances,996.57,1722.93,31.736884325510516,11.500813887600438,0.0,0.0,Healthy,0.0,0.0
SKU00134,197.09226647411762,209.0,184.0,63.0,3.0,2025-12-07,Home Care,Air Fresheners,147.48,199.86,32.8487110790196,6.362502306322997,0.0,0.0,Healthy,0.0,0.0
SKU00135,192.25823059381185,218.0,265.0,111.0,4.0,2025-12-14,Home Care,Pest Control,125.08,191.52,32.04303843230198,6.803349827781574,0.0,0.0,Healthy,0.0,0.0
SKU00136,194.79811586663695,112.0,57.0,26.0,1.0,2025-12-10,Stationery & Office,Writing Instruments,390.01,497.37,32.46635264443949,3.449725358021768,0.13756866049455796,0.0,Healthy,8885.72,0.0
SKU00137,188.1084187355649,156.0,68.0,20.0,1.0,2025-11-17,Beverages,Juices,96.51,145.43,31.35140312259415,4.975853852218015,0.0,0.0,Healthy,0.0,0.0
SKU00138,192.0858017644068,495.0,315.0,106.0,5.0,2025-12-28,Frozen Foods,Ready Meals,504.37,668.4,32.0143002940678,15.461840348006065,0.0,0.2884866956671721,Healthy,0.0,55898.52
SKU00139,193.68459057398388,,,,,,,,460.7,790.82,32.28076509566398,,0.0,0.0,Healthy,,
SKU00140,190.64762065701458,8639.0,2078.0,664.0,30.0,2025-12-07,Home Care,Dishwashing,87.05,148.11,31.774603442835765,271.8838022807123,0.0,1.0,Markdown / Clear,0.0,718833.2
SKU00141,191.86746277706757,133.0,120.0,40.0,2.0,2025-11-27,Apparel & Footwear,Footwear,1609.4,2602.93,31.977910462844594,4.159121033081065,0.0,0.0,Healthy,0.0,0.0
SKU00142,184.6842173414379,179.0,178.0,46.0,2.0,2025-12-29,Dairy & Bakery,Yogurt,80.72,135.03,30.78070289023965,5.815331788825384,0.0,0.0,Healthy,0.0,0.0
SKU00143,183.15217022997132,79.0,44.0,17.0,1.0,2025-11-24,Stationery & Office,Writing Instruments,50.83,64.0,30.52536170499522,2.5880119214794535,0.35299701963013663,0.0,Healthy,2758.49,0.0
SKU00144,182.72760925647728,165.0,95.0,32.0,3.0,2025-12-27,Dairy & Bakery,Eggs,140.47,186.78,30.454601542746214,5.417900469602443,0.0,0.0,Healthy,0.0,0.0
SKU00145,187.27639841542904,86.0,57.0,20.0,2.0,2025-11-26,Frozen Foods,Ready Meals,304.7,478.26,31.212733069238173,2.7552857934365775,0.3111785516408556,0.0,Healthy,18580.85,0.0
SKU00146,191.82370901926143,381.0,230.0,56.0,3.0,2025-12-15,Frozen Foods,Ready Meals,478.32,703.46,31.970618169876904,11.9171921536063,0.0,0.0,Healthy,0.0,0.0
SKU00147,191.5081528780484,14.0,43.0,17.0,1.0,2025-12-22,Home & Kitchen,Cookware,532.16,778.79,31.918025479674736,0.4386236237863505,0.8903440940534124,0.0,Reorder Now,88526.7,0.0
SKU00148,190.0182920031766,,,,,,,,250.74,357.28,31.66971533386277,,0.0,0.0,Healthy,,
SKU00149,190.0903721976941,87.0,40.0,9.0,1.0,2025-11-21,Dairy & Bakery,Cheese,86.21,149.69,31.681728699615686,2.7460622753535335,0.3134844311616166,0.0,Healthy,5946.72,0.0
SKU00150,186.99889441144614,7608.0,1738.0,634.0,29.0,2025-08-25,Grocery,Sugar & Salt,169.6,266.14,31.16648240190769,244.10839509864985,0.0,1.0,Markdown / Clear,0.0,1226886.78
SKU00151,185.38148297846212,261.0,89.0,22.0,1.0,2025-12-27,Personal Care,Skin Care,115.36,201.86,30.896913829743685,8.447445639335728,0.0,0.0,Healthy,0.0,0.0
SKU00152,190.71893481222696,,,,,,,,1427.21,1830.31,31.78648913537116,,0.0,0.0,Healthy,,
SKU00153,190.32422768311852,174.0,103.0,32.0,2.0,2025-12-24,Grocery,Pulses & Lentils,119.92,184.25,31.720704613853087,5.485376258760993,0.0,0.0,Healthy,0.0,0.0
SKU00154,192.23245302040812,46.0,41.0,12.0,1.0,2025-11-01,Home & Kitchen,Storage & Containers,1667.95,2279.38,32.03874217006802,1.4357617335856334,0.6410595666035916,0.0,Reorder Now,187262.39,0.0
SKU00155,188.92539221373994,7508.0,1674.0,608.0,29.0,2025-08-25,Frozen Foods,Frozen Vegetables,457.03,585.78,31.487565368956655,238.44333190021985,0.0,1.0,Markdown / Clear,0.0,3258692.1
SKU00156,195.6190042704375,171.0,159.0,36.0,2.0,2025-11-21,Beverages,Coffee,103.08,164.3,32.60316737840625,5.244889185621175,0.0,0.0,Healthy,0.0,0.0
SKU00157,191.61407626332658,321.0,208.0,68.0,3.0,2025-11-27,Dairy & Bakery,Butter & Ghee,67.93,118.76,31.935679377221096,10.051453617390745,0.0,0.0,Healthy,0.0,0.0
SKU00158,193.76337607404432,,,,,,,,309.41,487.98,32.29389601234072,,0.0,0.0,Healthy,,
SKU00159,186.31579263613767,400.0,165.0,44.0,2.0,2025-12-23,Dairy & Bakery,Milk,165.75,230.93,31.052632106022944,12.88135571356015,0.0,0.07344630946334589,Healthy,0.0,4536.31
SKU00160,194.54533459934785,76.0,46.0,14.0,1.0,2025-12-25,Beverages,Bottled Water,136.38,202.06,32.42422243322464,2.3439266787820907,0.4140183303044773,0.0,Healthy,10849.99,0.0
SKU00161,200.02748564722032,52.0,27.0,10.0,1.0,2025-12-24,Health & Wellness,OTC Medicine,285.38,501.77,33.33791427453672,1.5597856414106042,0.6100535896473489,0.0,Reorder Now,40819.82,0.0
SKU00162,192.91788473242326,84.0,57.0,20.0,1.0,2025-12-29,Electronics & Accessories,Small Appliances,1577.93,2780.26,32.15298078873721,2.6125105025853204,0.3468723743536699,0.0,Healthy,124032.75,0.0
SKU00163,198.31366457031203,179.0,60.0,23.0,1.0,2025-11-28,Beverages,Juices,109.94,151.67,33.05227742838534,5.415663122997829,0.0,0.0,Healthy,0.0,0.0
SKU00164,193.3965812390245,,,,,,,,83.68,113.99,32.232763539837414,,0.0,0.0,Healthy,,
SKU00165,196.4550950119769,,,,,,,,49.54,85.81,32.742515835329485,,0.0,0.0,Healthy,,
SKU00166,181.28847852957716,167.0,90.0,39.0,2.0,2025-11-10,Health & Wellness,First Aid,621.98,830.77,30.214746421596193,5.527102483992241,0.0,0.0,Healthy,0.0,0.0
SKU00167,186.5226141006613,7221.0,1563.0,578.0,30.0,2025-08-31,Electronics & Accessories,Batteries,1652.67,2596.95,31.087102350110214,232.28282644922675,0.0,1.0,Markdown / Clear,0.0,11317409.41
SKU00168,195.471353635485,52.0,93.0,27.0,1.0,2025-11-24,Electronics & Accessories,Mobile Accessories,1266.98,2234.32,32.5785589392475,1.5961418090029582,0.6009645477492604,0.0,Reorder Now,174979.06,0.0
SKU00169,185.02492544439116,0.0,1104.0,377.0,22.0,2025-10-05,Stationery & Office,Office Supplies,60.41,95.37,30.837487574065193,0.0,1.0,0.0,Reorder Now,11763.88,0.0
SKU00170,194.3332310466581,7213.0,1668.0,575.0,30.0,2025-08-29,Apparel & Footwear,Men's Wear,909.39,1241.29,32.38887184110968,222.69994569075652,0.0,1.0,Markdown / Clear,0.0,6205980.68
SKU00171,186.28186076110927,113.0,97.0,47.0,1.0,2025-12-03,Dairy & Bakery,Cheese,181.29,253.93,31.046976793518212,3.6396458422190534,0.09008853944523665,0.0,Healthy,2840.95,0.0
SKU00172,195.9062081260754,,,,,,,,75.2,112.18,32.651034687679235,,0.0,0.0,Healthy,,
SKU00173,195.18944993571108,4877.0,1242.0,419.0,23.0,2025-08-30,Health & Wellness,OTC Medicine,679.85,1096.68,32.53157498928518,149.9158894583592,0.0,1.0,Markdown / Clear,0.0,3050229.35
SKU00174,185.05618266705483,,,,,,,,418.03,638.72,30.842697111175806,,0.0,0.0,Healthy,,
SKU00175,197.97117302334155,25.0,95.0,22.0,1.0,2025-12-17,Stationery & Office,Office Supplies,117.7,182.36,32.99519550389026,0.7576860696901282,0.810578482577468,0.0,Reorder Now,19509.02,0.0
SKU00176,194.4964395631934,,,,,,,,29.19,45.08,32.41607326053224,,0.0,0.0,Healthy,,
SKU00177,193.04693018131226,54.0,1142.0,419.0,19.0,2025-11-12,Snacks & Confectionery,Chocolates,77.09,114.65,32.174488363552044,1.6783483668748054,0.5804129082812987,0.0,Reorder Now,8564.12,0.0
SKU00178,189.25729131451277,265.0,120.0,52.0,2.0,2025-12-10,Grocery,Pulses & Lentils,350.05,527.32,31.542881885752127,8.401261525811949,0.0,0.0,Healthy,0.0,0.0
SKU00179,190.67490923688374,237.0,169.0,44.0,3.0,2025-12-27,Beverages,Juices,49.13,85.36,31.779151539480623,7.457719558861243,0.0,0.0,Healthy,0.0,0.0
SKU00180,198.27464281784438,81.0,31.0,10.0,1.0,2025-12-19,Frozen Foods,Frozen Meat,479.81,770.72,33.04577380297406,2.4511455075296236,0.3872136231175941,0.0,Healthy,39447.84,0.0
SKU00181,189.74256236467505,633.0,380.0,108.0,5.0,2025-12-28,Frozen Foods,Ice Cream,183.39,314.95,31.62376039411251,20.016594867631476,0.0,0.668049572302623,Markdown / Clear,0.0,46492.09
SKU00182,191.41845909627085,212.0,216.0,84.0,5.0,2025-12-28,Personal Care,Men's Grooming,125.21,178.74,31.903076516045143,6.645127152341499,0.0,0.0,Healthy,0.0,0.0
SKU00183,185.02825976511895,84.0,73.0,36.0,1.0,2025-12-19,Dairy & Bakery,Butter & Ghee,165.28,252.07,30.83804329418649,2.723908232395389,0.31902294190115277,0.0,Healthy,9919.5,0.0
SKU00184,180.831110907636,96.0,33.0,15.0,1.0,2025-11-17,Apparel & Footwear,Footwear,645.86,899.55,30.138518484606,3.1852926031859994,0.20367684920350015,0.0,Healthy,22087.62,0.0
SKU00185,190.06591520301257,398.0,175.0,76.0,2.0,2025-12-17,Home Care,Air Fresheners,277.22,484.73,31.677652533835428,12.564062301488079,0.0,0.04700519179067323,Healthy,0.0,4953.41
SKU00186,194.39599747723074,4390.0,994.0,324.0,20.0,2025-08-23,Apparel & Footwear,Men's Wear,1185.19,1862.84,32.39933291287179,135.49661691509445,0.0,1.0,Markdown / Clear,0.0,4742191.72
SKU00187,177.07615446348473,,,,,,,,150.22,252.44,29.512692410580787,,0.0,0.0,Healthy,,
SKU00188,178.29376908423527,101.0,52.0,15.0,1.0,2025-11-14,Dairy & Bakery,Bread,115.41,201.41,29.715628180705878,3.3988849027791543,0.15027877430521142,0.0,Healthy,3597.69,0.0
SKU00189,194.14111985731353,103.0,86.0,32.0,2.0,2025-12-29,Snacks & Confectionery,Biscuits & Cookies,51.51,69.3,32.35685330955226,3.1832514433532,0.20418713916169995,0.0,Healthy,1831.42,0.0
SKU00190,183.161178060677,0.0,1446.0,495.0,25.0,2025-10-06,Stationery & Office,Writing Instruments,84.74,145.42,30.526863010112834,0.0,1.0,0.0,Reorder Now,17756.87,0.0
SKU00191,185.94663371388816,73.0,108.0,37.0,2.0,2025-11-16,Health & Wellness,Vitamins & Supplements,350.82,590.87,30.99110561898136,2.3555145433497904,0.4111213641625524,0.0,Healthy,30113.35,0.0
SKU00192,186.07349528915583,207.0,130.0,39.0,2.0,2025-12-12,Dairy & Bakery,Bread,106.38,165.78,31.012249214859306,6.674781908460138,0.0,0.0,Healthy,0.0,0.0
SKU00193,195.65001711056527,79.0,73.0,15.0,1.0,2025-12-31,Health & Wellness,First Aid,192.29,308.55,32.60833618509421,2.4226933736077023,0.3943266565980744,0.0,Healthy,15869.76,0.0
SKU00194,191.39292591281105,20.0,40.0,9.0,1.0,2025-12-21,Frozen Foods,Frozen Meat,409.27,524.73,31.898820985468507,0.6269824207330732,0.8432543948167317,0.0,Reorder Now,56458.47,0.0
SKU00195,195.7008023635655,595.0,344.0,136.0,6.0,2025-12-29,Home & Kitchen,Cookware,908.49,1139.65,32.61680039392758,18.24213266825442,0.0,0.5201777223545351,Markdown / Clear,0.0,184967.11
SKU00196,188.63870127082276,148.0,100.0,35.0,1.0,2025-12-12,Dairy & Bakery,Butter & Ghee,59.65,90.98,31.43978354513713,4.707411543960567,0.0,0.0,Healthy,0.0,0.0
SKU00197,184.93860425201157,171.0,79.0,38.0,3.0,2025-12-30,Stationery & Office,Writing Instruments,198.47,330.62,30.823100708668594,5.547787083987578,0.0,0.0,Healthy,0.0,0.0
SKU00198,185.91749608290988,537.0,271.0,102.0,4.0,2025-12-09,Stationery & Office,Writing Instruments,229.65,340.46,30.986249347151645,17.330267822470834,0.0,0.44418898520590283,Healthy,0.0,37930.14
SKU00199,202.1206411338783,62.0,39.0,12.0,1.0,2025-12-28,Snacks & Confectionery,Biscuits & Cookies,41.84,62.08,33.686773522313054,1.8404849594435977,0.5398787601391006,0.0,Reorder Now,4516.14,0.0
SKU00200,200.46498098822786,317.0,234.0,91.0,5.0,2025-12-31,Beverages,Tea,89.97,134.99,33.41083016470464,9.487941438069393,0.0,0.0,Healthy,0.0,0.0
SKU00201,191.05392378753513,376.0,180.0,73.0,3.0,2025-12-27,Frozen Foods,Frozen Vegetables,470.89,848.32,31.842320631255856,11.808184596663004,0.0,0.0,Healthy,0.0,0.0
SKU00202,194.66938831216135,314.0,174.0,63.0,4.0,2025-12-04,Grocery,Flour & Atta,203.65,349.86,32.44489805202689,9.677946883867119,0.0,0.0,Healthy,0.0,0.0
SKU00203,182.66059695178154,93.0,81.0,25.0,2.0,2025-12-20,Dairy & Bakery,Milk,106.33,181.68,30.443432825296924,3.0548460330899934,0.23628849172750166,0.0,Healthy,5227.61,0.0
SKU00204,199.66193602096266,20.0,31.0,15.0,1.0,2025-12-29,Home Care,Surface Cleaners,391.19,613.21,33.27698933682711,0.6010159091485576,0.8497460227128606,0.0,Reorder Now,69358.93,0.0
SKU00205,192.1593154042388,45.0,59.0,13.0,1.0,2025-11-30,Stationery & Office,Office Supplies,154.95,222.89,32.02655256737314,1.4050841065498723,0.6487289733625319,0.0,Reorder Now,18523.54,0.0
SKU00206,190.36460662859093,185.0,63.0,29.0,1.0,2025-12-18,Stationery & Office,Office Supplies,167.56,217.76,31.727434438098488,5.830915839127885,0.0,0.0,Healthy,0.0,0.0
SKU00207,211.63921912827547,,,,,,,,59.04,97.45,35.27320318804591,,0.0,0.0,Healthy,,
SKU00208,192.61041983631125,,,,,,,,863.83,1162.94,32.10173663938521,,0.0,0.0,Healthy,,
SKU00209,193.11901200995288,89.0,96.0,23.0,1.0,2025-12-07,Beverages,Soft Drinks,53.76,88.63,32.186502001658816,2.765134278817038,0.3087164302957405,0.0,Healthy,3522.69,0.0
SKU00210,189.68113151837866,169.0,149.0,52.0,2.0,2025-12-28,Electronics & Accessories,Batteries,1985.27,3556.85,31.613521919729777,5.34581374479913,0.0,0.0,Healthy,0.0,0.0
SKU00211,185.80767801457682,,,,,,,,847.23,1189.16,30.967946335762804,,0.0,0.0,Healthy,,
SKU00212,195.56005682105143,61.0,46.0,15.0,1.0,2025-12-08,Home & Kitchen,Home Decor,210.66,348.98,32.59334280350857,1.8715478301119068,0.5321130424720233,0.0,Reorder Now,24209.92,0.0
SKU00213,194.81148177832304,100.0,67.0,25.0,2.0,2025-12-03,Snacks & Confectionery,Chocolates,90.28,115.76,32.468580296387174,3.0799006019714126,0.23002484950714686,0.0,Healthy,3458.25,0.0
SKU00214,190.7283902684926,116.0,146.0,49.0,2.0,2025-12-31,Home & Kitchen,Home Decor,307.22,392.18,31.788065044748766,3.6491683226614837,0.08770791933462907,0.0,Healthy,4373.69,0.0
SKU00215,192.86986886492647,352.0,212.0,68.0,3.0,2025-12-24,Beverages,Juices,58.8,102.03,32.144978144154415,10.95038853103129,0.0,0.0,Healthy,0.0,0.0
SKU00216,200.94274609122067,374.0,204.0,71.0,3.0,2025-12-27,Frozen Foods,Frozen Vegetables,406.14,678.4,33.49045768187011,11.167360074701607,0.0,0.0,Healthy,0.0,0.0
SKU00217,189.16370995313216,,,,,,,,174.95,290.33,31.527284992188694,,0.0,0.0,Healthy,,
SKU00218,178.25542016226407,450.0,284.0,99.0,5.0,2025-12-29,Dairy & Bakery,Bread,178.86,229.94,29.70923669371068,15.146804498523624,0.0,0.26223370821030195,Healthy,0.0,16721.47
SKU00219,188.85881717673806,262.0,92.0,29.0,2.0,2025-12-25,Grocery,Flour & Atta,80.3,141.0,31.47646952945634,8.323678097215284,0.0,0.0,Healthy,0.0,0.0
SKU00220,192.15698153481884,313.0,157.0,46.0,3.0,2025-12-16,Apparel & Footwear,Women's Wear,540.87,733.09,32.02616358913647,9.77325926437758,0.0,0.0,Healthy,0.0,0.0
SKU00221,183.40558219250565,304.0,297.0,113.0,4.0,2025-12-10,Personal Care,Bath & Body,359.57,578.16,30.567597032084276,9.9451716692325,0.0,0.0,Healthy,0.0,0.0
SKU00222,190.21046004030094,25.0,35.0,16.0,1.0,2025-12-31,Health & Wellness,OTC Medicine,342.42,492.26,31.701743340050157,0.7886001640930718,0.8028499589767321,0.0,Reorder Now,50115.5,0.0
SKU00223,187.73652761041984,286.0,129.0,42.0,3.0,2025-12-26,Personal Care,Hair Care,129.22,217.42,31.289421268403306,9.14046947518357,0.0,0.0,Healthy,0.0,0.0
SKU00224,190.52082641577118,554.0,266.0,119.0,3.0,2025-12-16,Personal Care,Hair Care,121.66,161.86,31.7534710692952,17.446911513736964,0.0,0.4539092928114137,Healthy,0.0,21042.11
SKU00225,179.9144553261625,305.0,239.0,88.0,4.0,2025-12-10,Home & Kitchen,Home Decor,885.33,1233.58,29.985742554360417,10.171500653921543,0.0,0.0,Healthy,0.0,0.0
SKU00226,198.65374146758606,365.0,275.0,91.0,4.0,2025-12-19,Beverages,Coffee,41.25,74.28,33.10895691126434,11.024207164793511,0.0,0.0,Healthy,0.0,0.0
SKU00227,190.82736183180887,374.0,237.0,72.0,3.0,2025-12-31,Electronics & Accessories,Mobile Accessories,1737.2,2851.22,31.80456030530148,11.759319934306975,0.0,0.0,Healthy,0.0,0.0
SKU00228,187.30275813369227,495.0,180.0,62.0,3.0,2025-12-13,Electronics & Accessories,Mobile Accessories,1970.47,2956.05,31.217126355615378,15.856680540070235,0.0,0.3213900450058529,Healthy,0.0,237233.72
SKU00229,191.80581356753177,51.0,21.0,5.0,1.0,2025-11-29,Personal Care,Oral Care,288.02,421.82,31.96763559458863,1.5953635310029968,0.6011591172492508,0.0,Reorder Now,32425.53,0.0
SKU00230,192.40768285552372,163.0,128.0,39.0,3.0,2025-12-15,Dairy & Bakery,Bread,88.21,116.56,32.067947142587286,5.082957112135521,0.0,0.0,Healthy,0.0,0.0
SKU00231,199.17042949652517,94.0,86.0,34.0,3.0,2025-12-26,Grocery,Rice & Grains,99.59,153.98,33.195071582754196,2.8317456633784075,0.2920635841553981,0.0,Healthy,5971.39,0.0
SKU00232,192.23458278229435,260.0,159.0,57.0,2.0,2025-12-01,Stationery & Office,Office Supplies,75.15,96.13,32.039097130382395,8.115085108108252,0.0,0.0,Healthy,0.0,0.0
SKU00233,188.983694109096,123.0,200.0,78.0,3.0,2025-12-16,Stationery & Office,Writing Instruments,72.32,120.84,31.497282351516002,3.9050988154246222,0.023725296143844443,0.0,Healthy,361.21,0.0
SKU00234,195.01349497301715,70.0,61.0,21.0,2.0,2025-11-15,Snacks & Confectionery,Biscuits & Cookies,76.44,100.0,32.50224916216953,2.1536971072597457,0.46157572318506357,0.0,Healthy,6000.9,0.0
SKU00235,194.47130523898102,161.0,124.0,46.0,2.0,2025-12-17,Grocery,Rice & Grains,123.95,159.72,32.411884206496836,4.967313809165349,0.0,0.0,Healthy,0.0,0.0
SKU00236,201.58021706949305,226.0,115.0,34.0,2.0,2025-12-12,Beverages,Energy Drinks,73.66,104.24,33.596702844915505,6.726850579452104,0.0,0.0,Healthy,0.0,0.0
SKU00237,197.03433709429308,8788.0,1905.0,664.0,30.0,2025-08-31,Grocery,Pulses & Lentils,75.42,95.24,32.83905618238218,267.608178237311,0.0,1.0,Markdown / Clear,0.0,633070.3
SKU00238,184.11160069334295,96.0,99.0,44.0,2.0,2025-11-08,Apparel & Footwear,Footwear,1152.63,1766.09,30.685266782223824,3.1285372449690882,0.21786568875772794,0.0,Healthy,47227.13,0.0
SKU00239,193.53090353853486,525.0,220.0,63.0,5.0,2025-12-31,Home & Kitchen,Storage & Containers,782.62,1079.74,32.25515058975581,16.276470281516506,0.0,0.3563725234597088,Healthy,0.0,107953.19
SKU00240,191.1742781488713,8157.0,1890.0,637.0,30.0,2025-11-05,Beverages,Energy Drinks,79.06,143.08,31.86237969147855,256.0072436203361,0.0,1.0,Markdown / Clear,0.0,614663.94
SKU00241,189.52447653293203,141.0,67.0,16.0,1.0,2025-12-04,Electronics & Accessories,Mobile Accessories,1058.3,1710.6,31.58741275548867,4.463803385590662,0.0,0.0,Healthy,0.0,0.0
SKU00242,191.7911259778504,563.0,466.0,150.0,7.0,2025-12-12,Snacks & Confectionery,Chips & Crisps,151.11,218.49,31.96518766297507,17.612910830869822,0.0,0.46774256923915186,Healthy,0.0,27111.82
SKU00243,190.80896857061234,53.0,28.0,8.0,1.0,2025-11-15,Personal Care,Men's Grooming,372.11,483.9,31.801494761768723,1.6665883285371794,0.5833529178657051,0.0,Reorder Now,35908.27,0.0
SKU00244,190.6592278196063,306.0,244.0,94.0,4.0,2025-12-21,Health & Wellness,OTC Medicine,591.29,750.15,31.77653796993438,9.629746333270297,0.0,0.0,Healthy,0.0,0.0
SKU00245,183.39299617019267,79.0,171.0,48.0,3.0,2025-11-28,Electronics & Accessories,Batteries,2796.99,4025.26,30.56549936169878,2.58461342525926,0.35384664368518504,0.0,Healthy,174140.79,0.0
SKU00246,196.69064270239483,128.0,79.0,26.0,3.0,2025-11-22,Home & Kitchen,Cookware,780.18,1021.22,32.78177378373247,3.904608726923689,0.02384781826907778,0.0,Healthy,3193.45,0.0
SKU00247,193.26787354410155,482.0,271.0,92.0,4.0,2025-12-31,Grocery,Sugar & Salt,180.2,240.33,32.21131225735026,14.963687171422611,0.0,0.24697393095188427,Healthy,0.0,17202.66
SKU00248,202.13853101146447,409.0,162.0,53.0,3.0,2025-12-23,Snacks & Confectionery,Biscuits & Cookies,41.86,56.31,33.68975516857741,12.140189145140365,0.0,0.01168242876169708,Healthy,0.0,197.7
SKU00249,190.61564588591006,348.0,191.0,67.0,3.0,2025-12-18,Dairy & Bakery,Yogurt,140.64,243.38,31.76927431431834,10.953980143108184,0.0,0.0,Healthy,0.0,0.0
SKU00250,183.85243740481155,,,,,,,,215.9,322.41,30.642072900801924,,0.0,0.0,Healthy,,
